external_id,customer_id,amount,currency,stage,source,owner_id,created_at,close_date,last_contact_days_ago,engagement_score,sales_rep_available,industry,num_interactions,converted
opp_1,cust_24,18689.18,AED,proposal,inbound,rep_4,2025-11-04,2026-01-11,4,0.54,True,healthcare,9,1
opp_2,cust_41,8304.33,AED,prospecting,outbound,rep_12,2025-05-28,2025-06-11,8,0.63,True,saas,0,0
opp_3,cust_161,9361.16,AED,prospecting,referral,rep_10,2025-07-18,2025-08-11,17,0.72,True,saas,5,0
opp_4,cust_117,7518.72,AED,proposal,inbound,rep_11,2025-05-05,2025-05-31,18,0.71,True,retail,9,1
opp_5,cust_70,14015.79,AED,qualification,outbound,rep_11,2025-05-11,2025-06-14,0,0.39,True,retail,7,0
opp_6,cust_81,7312.58,AED,negotiation,inbound,rep_4,2025-04-24,2025-07-19,12,0.47,True,finance,9,0
opp_7,cust_36,16630.27,AED,closed_won,partner,rep_9,2025-10-31,2026-01-04,16,0.63,True,telecom,7,1
opp_8,cust_136,8956.93,AED,closed_won,outbound,rep_5,2025-07-20,2025-10-18,0,0.28,True,telecom,1,1
opp_9,cust_68,4336.07,AED,negotiation,inbound,rep_9,2025-08-26,2025-09-09,0,0.44,True,healthcare,7,0
opp_10,cust_136,5555.22,AED,closed_won,referral,rep_1,2025-03-29,2025-06-20,18,0.86,True,finance,3,1
opp_11,cust_33,3759.24,AED,prospecting,referral,rep_11,2025-02-10,2025-05-03,0,0.85,True,healthcare,7,0
opp_12,cust_103,4669.34,AED,prospecting,website,rep_11,2026-01-14,2026-02-22,19,0.62,True,finance,4,0
opp_13,cust_9,6531.39,AED,closed_won,partner,rep_6,2025-02-11,2025-03-04,16,0.66,False,retail,4,1
opp_14,cust_105,33497.52,AED,qualification,partner,rep_4,2025-09-05,2025-10-20,13,0.8,False,logistics,10,0
opp_15,cust_28,11930.69,AED,qualification,partner,rep_4,2026-01-13,2026-03-11,22,0.18,True,healthcare,14,0
opp_16,cust_61,2469.81,AED,proposal,partner,rep_3,2025-10-09,2025-10-24,16,0.66,True,finance,13,0
opp_17,cust_125,4230.31,AED,prospecting,partner,rep_3,2026-01-15,2026-04-10,8,0.66,True,retail,12,0
opp_18,cust_136,7819.28,AED,closed_lost,website,rep_3,2025-09-07,2025-11-24,11,0.55,False,healthcare,6,0
opp_19,cust_21,33939.13,AED,prospecting,outbound,rep_7,2025-10-29,2026-01-27,13,0.63,True,healthcare,11,1
opp_20,cust_19,5887.82,AED,proposal,referral,rep_1,2025-12-15,2026-02-05,16,0.38,True,healthcare,15,1
opp_21,cust_140,4987.99,AED,closed_lost,inbound,rep_12,2025-05-31,2025-07-04,9,0.3,True,logistics,11,0
opp_22,cust_53,10805.78,AED,proposal,website,rep_11,2025-11-11,2025-12-21,7,0.7,True,saas,15,1
opp_23,cust_142,24274.74,AED,proposal,referral,rep_12,2025-05-20,2025-06-23,1,0.9,True,telecom,12,1
opp_24,cust_11,11117.86,AED,prospecting,outbound,rep_6,2025-03-12,2025-03-31,0,0.68,True,retail,5,1
opp_25,cust_10,16464.53,AED,negotiation,referral,rep_8,2025-12-31,2026-01-27,0,0.64,True,finance,2,1
opp_26,cust_131,8358.06,AED,qualification,outbound,rep_7,2025-02-10,2025-03-31,14,0.72,True,healthcare,15,1
opp_27,cust_81,7216.41,AED,qualification,inbound,rep_7,2025-08-16,2025-10-13,29,0.99,True,healthcare,13,1
opp_28,cust_18,8434.24,AED,prospecting,website,rep_11,2025-10-08,2025-11-16,13,1.0,True,healthcare,9,1
opp_29,cust_98,8379.96,AED,qualification,inbound,rep_11,2025-03-12,2025-04-19,3,0.51,True,retail,6,1
opp_30,cust_114,7345.21,AED,proposal,referral,rep_11,2025-10-29,2025-12-23,0,0.76,True,finance,13,1
opp_31,cust_63,6237.2,AED,negotiation,outbound,rep_8,2025-04-17,2025-05-19,5,0.45,True,telecom,4,1
opp_32,cust_28,9809.13,AED,proposal,website,rep_7,2025-12-07,2025-12-21,17,0.29,True,logistics,15,0
opp_33,cust_114,9040.27,AED,proposal,inbound,rep_10,2025-10-19,2026-01-17,4,0.09,True,healthcare,9,1
opp_34,cust_71,21793.95,AED,qualification,website,rep_9,2026-01-25,2026-03-11,6,0.63,True,retail,8,0
opp_35,cust_85,8385.06,AED,qualification,inbound,rep_9,2025-04-25,2025-05-17,4,0.51,True,telecom,2,1
opp_36,cust_77,29065.99,AED,prospecting,partner,rep_7,2025-09-07,2025-09-21,0,0.95,True,finance,13,0
opp_37,cust_120,9621.8,AED,proposal,website,rep_3,2025-12-14,2026-02-17,0,0.69,True,healthcare,4,0
opp_38,cust_98,4128.19,AED,prospecting,partner,rep_6,2025-08-30,2025-10-06,0,0.56,True,saas,3,1
opp_39,cust_18,8586.31,AED,qualification,partner,rep_11,2025-02-01,2025-03-31,36,0.45,False,telecom,0,0
opp_40,cust_120,5451.19,AED,closed_lost,outbound,rep_12,2025-03-05,2025-05-30,19,0.75,True,saas,2,0
opp_41,cust_97,5775.65,AED,prospecting,website,rep_7,2025-06-14,2025-09-09,8,0.89,True,retail,8,0
opp_42,cust_89,28359.7,AED,prospecting,outbound,rep_9,2025-03-08,2025-06-02,25,0.42,True,saas,13,0
opp_43,cust_134,2150.92,AED,prospecting,referral,rep_11,2025-08-29,2025-10-01,12,0.78,True,healthcare,2,1
opp_44,cust_63,1516.86,AED,negotiation,partner,rep_8,2025-02-19,2025-04-09,0,0.56,True,logistics,11,0
opp_45,cust_133,6615.39,AED,qualification,inbound,rep_4,2025-11-07,2025-12-26,12,0.36,False,logistics,3,0
opp_46,cust_104,13962.13,AED,qualification,website,rep_12,2025-01-14,2025-02-08,12,0.57,True,logistics,0,1
opp_47,cust_50,7145.41,AED,proposal,partner,rep_6,2025-06-11,2025-07-27,8,0.36,False,healthcare,14,1
opp_48,cust_26,5146.32,AED,closed_lost,outbound,rep_4,2026-01-30,2026-04-21,17,0.54,True,saas,15,0
opp_49,cust_121,19336.19,AED,prospecting,inbound,rep_8,2025-02-27,2025-03-14,6,0.52,True,retail,9,0
opp_50,cust_14,18872.46,AED,closed_lost,referral,rep_3,2025-02-12,2025-05-10,22,0.57,False,healthcare,5,0
opp_51,cust_114,15535.85,AED,closed_lost,inbound,rep_5,2025-09-30,2025-12-01,11,0.66,True,finance,8,0
opp_52,cust_142,12148.64,AED,qualification,website,rep_2,2025-02-16,2025-03-22,35,0.25,False,finance,12,0
opp_53,cust_51,6404.28,AED,proposal,website,rep_7,2025-11-22,2026-02-19,12,0.49,False,retail,7,0
opp_54,cust_113,5544.6,AED,negotiation,referral,rep_2,2026-01-24,2026-04-20,13,0.72,True,saas,6,0
opp_55,cust_173,8774.04,AED,negotiation,referral,rep_10,2025-05-14,2025-05-31,11,0.29,True,telecom,9,1
opp_56,cust_150,4399.03,AED,closed_lost,referral,rep_7,2025-08-20,2025-10-08,0,0.58,True,finance,4,0
opp_57,cust_141,5078.6,AED,closed_lost,partner,rep_1,2025-06-02,2025-08-06,19,0.44,True,saas,3,0
opp_58,cust_14,43275.4,AED,qualification,inbound,rep_4,2025-12-08,2026-03-01,21,0.17,True,healthcare,7,0
opp_59,cust_156,7736.63,AED,negotiation,partner,rep_4,2025-03-09,2025-03-26,5,0.56,True,saas,0,0
opp_60,cust_75,15716.31,AED,proposal,website,rep_9,2025-03-07,2025-04-09,6,0.4,True,finance,9,0
opp_61,cust_107,10742.98,AED,closed_won,partner,rep_6,2025-02-10,2025-03-31,24,0.56,True,healthcare,0,1
opp_62,cust_142,9753.57,AED,qualification,inbound,rep_9,2025-10-08,2025-12-22,10,0.88,True,saas,12,1
opp_63,cust_167,26819.97,AED,closed_won,outbound,rep_3,2025-07-20,2025-09-21,8,0.41,True,telecom,8,1
opp_64,cust_85,15677.48,AED,prospecting,website,rep_11,2025-11-21,2026-01-24,9,0.49,True,finance,10,0
opp_65,cust_178,16706.15,AED,closed_lost,partner,rep_5,2025-02-25,2025-03-23,10,0.59,True,telecom,14,0
opp_66,cust_21,3992.46,AED,qualification,inbound,rep_10,2025-10-22,2025-11-28,9,0.68,True,healthcare,12,1
opp_67,cust_77,12750.21,AED,negotiation,partner,rep_11,2025-08-20,2025-10-17,9,0.65,True,logistics,4,0
opp_68,cust_180,9638.92,AED,qualification,referral,rep_5,2025-10-25,2025-12-23,15,0.59,False,logistics,12,1
opp_69,cust_91,12757.81,AED,qualification,inbound,rep_4,2025-06-01,2025-07-14,5,0.24,True,healthcare,7,0
opp_70,cust_34,12762.88,AED,qualification,outbound,rep_2,2025-08-19,2025-09-06,0,0.48,True,saas,0,0
opp_71,cust_124,9926.49,AED,negotiation,outbound,rep_5,2025-03-31,2025-05-16,28,0.67,True,saas,11,0
opp_72,cust_117,4582.24,AED,closed_won,partner,rep_6,2025-01-13,2025-03-01,17,0.4,True,logistics,7,1
opp_73,cust_119,23627.72,AED,qualification,partner,rep_12,2025-04-29,2025-05-21,0,0.78,True,finance,10,1
opp_74,cust_95,9800.51,AED,prospecting,inbound,rep_11,2025-10-08,2025-11-08,20,0.65,True,logistics,6,1
opp_75,cust_56,28074.08,AED,closed_lost,partner,rep_8,2025-05-29,2025-06-16,3,0.25,True,retail,13,0
opp_76,cust_32,38490.53,AED,closed_won,inbound,rep_8,2025-02-06,2025-04-11,21,0.34,False,retail,7,1
opp_77,cust_56,15269.31,AED,negotiation,website,rep_4,2026-02-01,2026-04-26,11,0.62,True,retail,0,1
opp_78,cust_7,6060.6,AED,negotiation,website,rep_3,2025-05-14,2025-06-19,31,1.0,False,retail,8,1
opp_79,cust_116,17383.28,AED,proposal,inbound,rep_9,2025-07-10,2025-09-27,14,0.58,True,healthcare,7,1
opp_80,cust_114,20474.43,AED,prospecting,website,rep_2,2025-03-02,2025-05-17,7,0.28,True,saas,14,0
opp_81,cust_111,6938.01,AED,proposal,inbound,rep_2,2025-06-05,2025-08-16,21,0.77,True,telecom,1,1
opp_82,cust_25,9178.27,AED,closed_won,website,rep_6,2025-06-28,2025-09-08,10,0.37,True,logistics,4,1
opp_83,cust_151,7184.66,AED,qualification,outbound,rep_9,2025-07-15,2025-08-14,1,0.45,True,logistics,9,0
opp_84,cust_91,3295.61,AED,prospecting,referral,rep_2,2025-02-01,2025-03-23,28,0.6,True,retail,0,0
opp_85,cust_160,20752.96,AED,prospecting,partner,rep_10,2025-08-13,2025-11-06,16,0.57,True,healthcare,10,0
opp_86,cust_18,7954.18,AED,prospecting,referral,rep_3,2025-03-20,2025-06-14,19,0.38,True,telecom,8,0
opp_87,cust_14,32611.81,AED,prospecting,website,rep_3,2025-10-23,2026-01-21,22,0.6,False,healthcare,5,1
opp_88,cust_30,9596.37,AED,prospecting,inbound,rep_6,2025-05-25,2025-07-05,9,0.73,True,saas,15,0
opp_89,cust_66,11161.22,AED,negotiation,website,rep_5,2025-06-09,2025-07-20,13,0.22,True,telecom,12,0
opp_90,cust_11,16145.91,AED,proposal,partner,rep_7,2025-12-14,2026-02-11,16,0.61,False,telecom,12,1
opp_91,cust_28,8481.3,AED,closed_won,website,rep_4,2025-07-10,2025-08-04,16,0.35,True,finance,5,1
opp_92,cust_136,2178.24,AED,proposal,partner,rep_9,2025-02-14,2025-05-04,23,0.41,True,saas,1,0
opp_93,cust_145,24516.23,AED,qualification,outbound,rep_10,2025-04-06,2025-06-22,17,0.56,True,healthcare,10,0
opp_94,cust_71,6673.46,AED,negotiation,website,rep_10,2025-09-03,2025-11-12,0,0.83,False,healthcare,19,1
opp_95,cust_11,13097.55,AED,prospecting,partner,rep_8,2025-08-30,2025-11-26,13,0.48,True,healthcare,8,0
opp_96,cust_45,26912.39,AED,negotiation,referral,rep_1,2025-06-30,2025-07-24,2,0.47,True,finance,4,1
opp_97,cust_166,8386.81,AED,closed_lost,website,rep_6,2025-11-08,2025-11-28,11,0.42,False,telecom,5,0
opp_98,cust_170,73677.83,AED,proposal,partner,rep_3,2025-03-23,2025-05-18,8,0.68,True,saas,15,1
opp_99,cust_172,12792.39,AED,closed_lost,partner,rep_7,2025-03-12,2025-06-01,23,0.79,True,telecom,13,0
opp_100,cust_26,14699.52,AED,qualification,outbound,rep_9,2025-03-17,2025-04-19,20,0.69,True,logistics,6,1
opp_101,cust_12,5961.87,AED,closed_won,inbound,rep_7,2025-12-26,2026-01-30,0,0.31,True,logistics,3,1
opp_102,cust_121,15443.13,AED,qualification,partner,rep_4,2025-05-08,2025-06-30,0,0.35,True,healthcare,2,0
opp_103,cust_14,5960.51,AED,closed_lost,partner,rep_11,2025-11-11,2025-12-12,0,0.6,True,saas,2,0
opp_104,cust_24,4718.49,AED,proposal,inbound,rep_4,2025-09-25,2025-10-27,9,0.55,True,saas,2,0
opp_105,cust_36,8479.69,AED,closed_lost,partner,rep_1,2025-02-25,2025-04-22,15,0.8,True,finance,9,0
opp_106,cust_39,43103.83,AED,negotiation,outbound,rep_9,2025-01-15,2025-03-02,12,1.0,True,healthcare,2,1
opp_107,cust_128,15404.04,AED,proposal,inbound,rep_10,2025-02-07,2025-03-07,4,0.58,True,logistics,10,0
opp_108,cust_93,10986.43,AED,proposal,outbound,rep_2,2025-12-14,2026-01-07,10,0.66,True,healthcare,3,1
opp_109,cust_86,4925.26,AED,proposal,website,rep_3,2025-11-23,2025-12-20,8,0.34,False,healthcare,1,0
opp_110,cust_118,29949.23,AED,qualification,outbound,rep_1,2025-04-09,2025-05-10,19,0.61,True,telecom,1,1
opp_111,cust_13,9574.34,AED,negotiation,inbound,rep_11,2025-12-03,2026-01-10,19,0.47,True,telecom,0,1
opp_112,cust_95,21432.18,AED,negotiation,partner,rep_9,2025-04-11,2025-06-27,24,0.79,True,telecom,2,0
opp_113,cust_110,4865.5,AED,negotiation,inbound,rep_3,2025-06-06,2025-07-29,25,0.0,True,saas,9,0
opp_114,cust_104,22097.0,AED,proposal,referral,rep_6,2025-02-04,2025-02-27,3,0.72,True,logistics,4,1
opp_115,cust_174,7630.4,AED,negotiation,inbound,rep_8,2025-10-23,2025-11-10,22,0.74,True,saas,8,1
opp_116,cust_48,6978.49,AED,proposal,inbound,rep_8,2025-05-13,2025-06-10,1,0.49,True,healthcare,5,1
opp_117,cust_17,2511.3,AED,prospecting,referral,rep_9,2025-02-19,2025-04-14,5,0.51,True,saas,2,0
opp_118,cust_7,5602.31,AED,closed_won,outbound,rep_6,2025-03-18,2025-05-01,15,0.33,True,saas,2,1
opp_119,cust_19,16312.65,AED,proposal,website,rep_3,2025-08-04,2025-10-09,27,0.86,True,logistics,12,0
opp_120,cust_15,12151.6,AED,prospecting,partner,rep_2,2025-03-13,2025-05-21,8,0.64,True,saas,3,0
opp_121,cust_161,7468.64,AED,prospecting,referral,rep_5,2025-04-16,2025-07-09,9,0.69,True,telecom,13,1
opp_122,cust_145,3458.33,AED,proposal,outbound,rep_1,2025-11-11,2026-01-07,0,0.46,True,telecom,4,0
opp_123,cust_176,11531.58,AED,prospecting,website,rep_7,2025-06-09,2025-08-23,18,0.54,True,telecom,1,0
opp_124,cust_89,4009.33,AED,negotiation,outbound,rep_7,2025-06-15,2025-08-08,1,0.42,False,saas,10,0
opp_125,cust_41,5003.32,AED,proposal,inbound,rep_6,2025-07-21,2025-09-26,22,0.45,True,logistics,7,1
opp_126,cust_130,9875.83,AED,qualification,outbound,rep_8,2025-01-17,2025-02-11,0,0.72,True,retail,8,0
opp_127,cust_68,9170.65,AED,proposal,inbound,rep_12,2025-03-02,2025-05-10,15,0.79,True,finance,13,1
opp_128,cust_141,7847.38,AED,qualification,partner,rep_5,2025-07-22,2025-10-08,24,0.33,True,healthcare,10,0
opp_129,cust_103,11042.12,AED,negotiation,inbound,rep_9,2025-03-20,2025-04-28,15,0.62,False,telecom,0,1
opp_130,cust_130,6911.99,AED,prospecting,referral,rep_9,2025-11-17,2026-01-08,16,1.0,True,logistics,2,1
opp_131,cust_68,16228.95,AED,proposal,partner,rep_11,2026-01-12,2026-01-29,3,0.63,True,healthcare,1,0
opp_132,cust_63,14875.34,AED,proposal,inbound,rep_1,2025-07-19,2025-08-20,6,0.0,True,logistics,6,0
opp_133,cust_133,9952.95,AED,prospecting,inbound,rep_4,2025-09-04,2025-09-25,15,0.34,True,logistics,5,0
opp_134,cust_50,21004.94,AED,proposal,partner,rep_4,2025-07-06,2025-08-22,9,0.63,True,saas,10,1
opp_135,cust_147,9365.78,AED,qualification,referral,rep_11,2026-01-10,2026-02-28,0,0.6,True,finance,5,1
opp_136,cust_55,14667.99,AED,closed_won,outbound,rep_4,2025-08-20,2025-10-05,9,0.31,True,saas,11,1
opp_137,cust_106,15289.12,AED,closed_lost,referral,rep_6,2025-11-28,2026-01-10,22,0.75,True,telecom,4,0
opp_138,cust_74,23595.79,AED,negotiation,outbound,rep_6,2025-09-06,2025-11-20,24,0.46,True,telecom,8,0
opp_139,cust_48,5392.59,AED,closed_won,inbound,rep_12,2025-01-24,2025-03-29,6,0.46,True,saas,7,1
opp_140,cust_35,21456.03,AED,closed_won,inbound,rep_9,2025-08-26,2025-11-17,7,0.12,True,retail,14,1
opp_141,cust_164,38485.86,AED,closed_won,referral,rep_7,2025-10-23,2025-11-30,21,0.68,True,healthcare,7,1
opp_142,cust_61,5228.85,AED,qualification,partner,rep_8,2025-05-13,2025-05-27,8,0.69,True,saas,5,1
opp_143,cust_80,5108.31,AED,qualification,website,rep_12,2025-08-01,2025-10-18,13,0.87,False,saas,7,0
opp_144,cust_171,12300.21,AED,qualification,outbound,rep_4,2025-10-14,2025-12-27,13,0.48,True,logistics,10,0
opp_145,cust_134,18149.62,AED,negotiation,inbound,rep_8,2025-10-07,2025-11-09,10,0.28,False,retail,0,1
opp_146,cust_15,19501.18,AED,negotiation,partner,rep_9,2025-09-25,2025-12-01,22,0.92,True,saas,11,1
opp_147,cust_18,7289.4,AED,negotiation,partner,rep_8,2025-10-10,2025-10-31,12,0.55,False,finance,8,0
opp_148,cust_97,13389.55,AED,prospecting,outbound,rep_7,2025-07-20,2025-09-29,14,0.63,False,logistics,0,0
opp_149,cust_77,11240.43,AED,closed_won,outbound,rep_8,2025-04-30,2025-05-14,4,0.43,True,healthcare,10,1
opp_150,cust_170,7669.1,AED,qualification,partner,rep_7,2026-01-12,2026-02-09,15,0.8,True,telecom,4,1
opp_151,cust_75,8490.58,AED,qualification,inbound,rep_4,2025-04-27,2025-05-18,13,0.6,True,logistics,1,1
opp_152,cust_77,7270.41,AED,proposal,website,rep_5,2025-03-20,2025-06-08,0,0.35,False,healthcare,3,1
opp_153,cust_97,16379.55,AED,closed_won,outbound,rep_3,2025-08-07,2025-10-12,4,0.39,True,finance,0,1
opp_154,cust_63,101278.48,AED,qualification,outbound,rep_5,2025-10-18,2026-01-07,7,0.57,True,logistics,15,1
opp_155,cust_49,4221.52,AED,prospecting,partner,rep_10,2025-11-10,2025-11-29,8,0.61,True,healthcare,7,0
opp_156,cust_62,9571.82,AED,prospecting,outbound,rep_9,2025-11-11,2025-12-21,18,0.41,True,saas,4,0
opp_157,cust_82,8046.25,AED,qualification,website,rep_4,2026-01-10,2026-03-25,5,0.44,True,finance,1,0
opp_158,cust_51,11543.83,AED,prospecting,outbound,rep_6,2026-01-09,2026-03-17,11,0.9,True,healthcare,7,1
opp_159,cust_91,9419.81,AED,closed_won,partner,rep_3,2026-01-19,2026-04-05,4,0.05,False,healthcare,3,1
opp_160,cust_106,11833.3,AED,proposal,website,rep_3,2025-02-13,2025-03-05,37,0.87,True,retail,7,0
opp_161,cust_137,16683.78,AED,prospecting,outbound,rep_9,2025-09-10,2025-11-25,12,0.81,True,telecom,3,1
opp_162,cust_25,9984.68,AED,proposal,referral,rep_9,2025-08-14,2025-09-19,3,0.77,False,retail,7,1
opp_163,cust_21,7635.59,AED,proposal,referral,rep_11,2025-12-28,2026-02-08,4,0.62,True,logistics,4,1
opp_164,cust_112,9142.38,AED,negotiation,inbound,rep_11,2025-12-31,2026-02-04,3,0.68,True,healthcare,10,1
opp_165,cust_176,16865.4,AED,closed_lost,inbound,rep_5,2025-05-24,2025-06-12,0,0.94,True,healthcare,9,0
opp_166,cust_145,28408.01,AED,negotiation,outbound,rep_4,2025-07-28,2025-08-20,19,1.0,True,finance,6,1
opp_167,cust_60,16970.6,AED,negotiation,website,rep_2,2025-07-02,2025-07-22,26,0.37,True,healthcare,17,1
opp_168,cust_142,20829.19,AED,closed_lost,partner,rep_7,2025-08-24,2025-11-08,20,1.0,True,logistics,7,0
opp_169,cust_28,19817.85,AED,proposal,partner,rep_2,2026-01-19,2026-03-23,19,0.81,False,saas,10,1
opp_170,cust_23,8208.36,AED,proposal,referral,rep_6,2025-09-25,2025-11-30,15,0.22,True,healthcare,9,1
opp_171,cust_176,18269.88,AED,proposal,referral,rep_7,2025-05-10,2025-08-05,10,0.57,False,saas,0,1
opp_172,cust_64,6739.85,AED,qualification,partner,rep_12,2025-02-14,2025-04-15,15,0.75,True,healthcare,10,1
opp_173,cust_167,20675.22,AED,proposal,partner,rep_10,2025-06-23,2025-09-01,17,0.7,False,saas,12,1
opp_174,cust_63,8271.08,AED,proposal,outbound,rep_6,2026-01-17,2026-04-03,5,0.49,True,finance,8,0
opp_175,cust_105,19400.64,AED,qualification,website,rep_11,2025-06-04,2025-06-26,44,0.78,True,logistics,11,0
opp_176,cust_137,14398.38,AED,qualification,referral,rep_9,2025-11-08,2026-01-22,3,0.89,True,logistics,1,1
opp_177,cust_91,11865.0,AED,qualification,inbound,rep_3,2026-02-03,2026-03-20,2,0.6,True,telecom,12,1
opp_178,cust_133,14733.65,AED,proposal,partner,rep_9,2025-02-25,2025-04-13,20,0.38,True,healthcare,7,1
opp_179,cust_22,8177.47,AED,qualification,referral,rep_2,2025-02-28,2025-04-20,22,0.26,True,logistics,2,0
opp_180,cust_116,10289.79,AED,prospecting,referral,rep_6,2025-02-24,2025-05-05,2,0.41,False,telecom,15,0
opp_181,cust_119,10330.58,AED,closed_won,inbound,rep_4,2025-06-24,2025-09-17,13,0.75,True,logistics,14,1
opp_182,cust_55,22829.49,AED,prospecting,partner,rep_4,2025-08-13,2025-10-15,0,0.8,True,logistics,12,1
opp_183,cust_164,6564.56,AED,closed_won,inbound,rep_6,2025-12-15,2026-03-01,3,0.2,True,healthcare,3,1
opp_184,cust_152,21092.28,AED,qualification,inbound,rep_2,2026-01-02,2026-02-23,0,0.5,True,saas,15,0
opp_185,cust_138,12995.18,AED,prospecting,referral,rep_12,2025-08-10,2025-09-16,18,0.71,True,retail,11,1
opp_186,cust_50,29116.5,AED,proposal,partner,rep_7,2025-07-08,2025-07-23,10,0.72,True,healthcare,11,1
opp_187,cust_44,15411.14,AED,negotiation,partner,rep_8,2025-05-26,2025-07-07,2,0.46,True,finance,11,1
opp_188,cust_109,12180.47,AED,proposal,inbound,rep_2,2026-01-30,2026-04-10,4,0.33,True,logistics,6,0
opp_189,cust_157,2623.32,AED,negotiation,referral,rep_11,2025-12-24,2026-02-20,10,0.59,True,healthcare,7,0
opp_190,cust_75,11848.02,AED,prospecting,outbound,rep_5,2025-11-07,2026-01-28,19,0.99,True,healthcare,0,1
opp_191,cust_83,4550.05,AED,closed_lost,inbound,rep_4,2025-12-31,2026-01-30,24,0.79,True,logistics,6,0
opp_192,cust_72,8201.22,AED,qualification,outbound,rep_12,2025-11-26,2025-12-21,5,0.59,True,saas,6,1
opp_193,cust_137,16515.97,AED,proposal,partner,rep_7,2025-12-12,2026-02-09,12,0.54,True,finance,9,0
opp_194,cust_175,6237.77,AED,closed_won,partner,rep_1,2025-10-22,2026-01-06,9,0.2,False,logistics,17,1
opp_195,cust_78,27783.95,AED,negotiation,partner,rep_3,2025-12-24,2026-01-23,14,1.0,True,saas,11,0
opp_196,cust_60,17696.07,AED,prospecting,referral,rep_7,2025-07-27,2025-09-18,11,0.75,True,logistics,12,0
opp_197,cust_27,8888.38,AED,prospecting,outbound,rep_2,2025-02-11,2025-03-26,12,0.43,True,saas,9,0
opp_198,cust_55,3020.6,AED,prospecting,outbound,rep_11,2025-11-14,2025-12-19,2,0.88,True,finance,2,1
opp_199,cust_64,11785.56,AED,proposal,partner,rep_5,2025-08-13,2025-10-06,8,0.61,True,retail,14,0
opp_200,cust_14,4024.33,AED,proposal,website,rep_4,2025-04-12,2025-06-15,10,0.77,True,telecom,3,1
opp_201,cust_175,6908.89,AED,qualification,website,rep_3,2025-10-24,2025-12-30,21,0.97,True,telecom,12,1
opp_202,cust_109,8335.58,AED,prospecting,inbound,rep_12,2026-01-05,2026-03-24,18,0.57,True,logistics,8,0
opp_203,cust_112,5984.52,AED,proposal,website,rep_12,2026-01-31,2026-02-22,15,0.6,True,retail,17,1
opp_204,cust_36,11415.26,AED,prospecting,inbound,rep_12,2025-12-13,2026-01-18,16,0.79,False,finance,6,1
opp_205,cust_70,13591.09,AED,closed_lost,website,rep_9,2025-01-21,2025-03-18,9,0.14,False,logistics,7,0
opp_206,cust_173,6156.67,AED,closed_lost,inbound,rep_12,2026-02-05,2026-03-04,0,0.76,False,logistics,8,0
opp_207,cust_168,18299.56,AED,proposal,inbound,rep_7,2025-01-24,2025-04-18,10,0.57,True,retail,12,0
opp_208,cust_133,7282.77,AED,qualification,referral,rep_1,2025-02-01,2025-03-09,11,0.61,True,telecom,9,1
opp_209,cust_152,7925.14,AED,closed_won,referral,rep_8,2025-06-10,2025-07-25,3,0.58,True,retail,12,1
opp_210,cust_178,3623.64,AED,negotiation,website,rep_1,2025-05-05,2025-07-27,12,0.68,True,telecom,4,1
opp_211,cust_24,5329.51,AED,negotiation,partner,rep_1,2025-02-05,2025-03-09,0,0.76,True,healthcare,12,1
opp_212,cust_146,12041.56,AED,qualification,referral,rep_1,2025-11-28,2026-01-31,0,0.71,True,retail,10,1
opp_213,cust_35,6759.65,AED,qualification,referral,rep_10,2025-05-05,2025-05-28,0,0.85,False,telecom,0,0
opp_214,cust_31,4717.38,AED,prospecting,partner,rep_2,2025-08-25,2025-10-17,10,0.81,False,logistics,10,1
opp_215,cust_67,6190.0,AED,qualification,website,rep_3,2025-09-25,2025-10-15,16,0.95,False,finance,6,0
opp_216,cust_57,7844.48,AED,closed_won,website,rep_3,2025-03-18,2025-04-16,11,0.63,True,finance,4,1
opp_217,cust_119,9154.73,AED,qualification,inbound,rep_1,2025-06-24,2025-07-23,8,0.4,False,healthcare,8,1
opp_218,cust_39,8635.92,AED,qualification,partner,rep_1,2025-04-11,2025-05-30,2,0.51,True,healthcare,8,1
opp_219,cust_140,7770.63,AED,qualification,referral,rep_1,2025-12-01,2026-02-20,12,0.09,True,logistics,5,0
opp_220,cust_153,11116.8,AED,qualification,website,rep_4,2025-05-24,2025-06-30,13,0.56,False,saas,3,1
opp_221,cust_15,2442.05,AED,prospecting,partner,rep_4,2025-05-22,2025-08-12,8,0.18,True,finance,21,0
opp_222,cust_91,33393.19,AED,qualification,outbound,rep_10,2025-11-04,2025-11-21,18,0.55,True,healthcare,13,0
opp_223,cust_158,11210.05,AED,closed_lost,partner,rep_4,2025-09-07,2025-09-21,10,0.42,True,saas,9,0
opp_224,cust_19,13179.0,AED,negotiation,referral,rep_6,2025-03-03,2025-05-23,17,0.57,True,logistics,9,0
opp_225,cust_144,8021.15,AED,qualification,inbound,rep_12,2025-09-12,2025-11-05,19,0.45,True,healthcare,16,1
opp_226,cust_1,5715.69,AED,negotiation,outbound,rep_12,2025-06-05,2025-07-05,2,0.5,True,finance,0,1
opp_227,cust_20,4575.73,AED,closed_won,website,rep_4,2025-09-17,2025-10-19,14,0.84,True,saas,19,1
opp_228,cust_178,14980.67,AED,prospecting,inbound,rep_2,2025-01-11,2025-02-27,18,0.28,True,telecom,1,0
opp_229,cust_123,9765.67,AED,negotiation,inbound,rep_10,2025-10-12,2025-12-13,22,0.28,True,logistics,18,1
opp_230,cust_97,6894.6,AED,qualification,partner,rep_3,2025-02-28,2025-03-23,29,0.46,True,healthcare,12,0
opp_231,cust_26,7800.11,AED,closed_lost,inbound,rep_6,2025-11-12,2026-01-20,36,0.21,True,retail,14,0
opp_232,cust_147,6685.27,AED,qualification,website,rep_9,2025-05-07,2025-06-02,9,0.34,True,retail,0,1
opp_233,cust_79,5663.7,AED,prospecting,inbound,rep_7,2025-02-16,2025-05-01,15,0.38,True,logistics,4,0
opp_234,cust_68,8308.0,AED,qualification,website,rep_4,2025-01-28,2025-03-16,4,0.3,True,healthcare,11,0
opp_235,cust_138,12599.04,AED,prospecting,inbound,rep_11,2025-07-23,2025-10-11,16,0.72,True,finance,0,0
opp_236,cust_115,10151.24,AED,proposal,outbound,rep_3,2025-10-25,2025-11-26,7,0.4,True,retail,8,1
opp_237,cust_143,16994.5,AED,closed_lost,outbound,rep_7,2026-01-13,2026-02-04,19,0.71,True,saas,13,0
opp_238,cust_151,10370.09,AED,proposal,inbound,rep_10,2025-08-06,2025-09-08,15,0.53,True,telecom,1,1
opp_239,cust_122,18337.28,AED,closed_lost,website,rep_1,2025-12-07,2026-02-21,0,0.62,False,finance,14,0
opp_240,cust_122,3519.78,AED,prospecting,website,rep_5,2025-12-25,2026-02-07,7,0.21,True,telecom,3,1
opp_241,cust_155,3885.8,AED,qualification,referral,rep_11,2025-06-19,2025-08-06,29,0.39,False,finance,12,0
opp_242,cust_135,10115.29,AED,prospecting,partner,rep_10,2025-06-14,2025-08-31,11,0.29,False,retail,0,0
opp_243,cust_32,13883.72,AED,closed_won,outbound,rep_11,2025-08-31,2025-11-17,5,0.64,False,saas,0,1
opp_244,cust_177,11619.63,AED,proposal,partner,rep_2,2025-03-30,2025-05-16,20,0.68,True,finance,17,0
opp_245,cust_175,3601.82,AED,prospecting,website,rep_1,2025-09-25,2025-10-11,5,0.58,True,retail,8,0
opp_246,cust_97,97029.99,AED,negotiation,website,rep_6,2026-01-05,2026-02-23,14,0.7,True,retail,4,1
opp_247,cust_156,34340.56,AED,proposal,website,rep_5,2025-07-16,2025-10-09,3,0.65,True,telecom,12,1
opp_248,cust_133,17810.4,AED,proposal,referral,rep_4,2026-01-05,2026-02-26,26,0.71,True,healthcare,7,1
opp_249,cust_147,6021.73,AED,qualification,referral,rep_4,2025-07-23,2025-08-10,0,0.4,True,logistics,0,0
opp_250,cust_143,22582.13,AED,qualification,website,rep_3,2025-06-08,2025-07-13,4,0.0,True,finance,3,0
opp_251,cust_79,39680.44,AED,prospecting,referral,rep_7,2025-04-29,2025-06-27,0,0.51,True,saas,18,1
opp_252,cust_19,7594.5,AED,qualification,website,rep_8,2025-10-31,2026-01-27,6,0.27,True,healthcare,17,0
opp_253,cust_47,24329.99,AED,prospecting,partner,rep_2,2025-10-24,2026-01-04,10,0.33,True,logistics,9,1
opp_254,cust_126,3168.95,AED,closed_lost,referral,rep_2,2025-04-02,2025-06-28,11,0.46,False,finance,7,0
opp_255,cust_89,10279.92,AED,proposal,partner,rep_5,2025-01-08,2025-02-22,16,0.32,False,finance,14,1
opp_256,cust_87,7032.43,AED,proposal,referral,rep_7,2026-01-13,2026-04-03,21,0.56,True,retail,16,1
opp_257,cust_6,8515.48,AED,qualification,partner,rep_10,2026-01-13,2026-02-12,16,0.46,True,telecom,18,1
opp_258,cust_168,23489.97,AED,qualification,inbound,rep_1,2025-11-06,2025-11-26,1,0.39,False,telecom,13,0
opp_259,cust_180,8904.43,AED,qualification,partner,rep_3,2025-09-29,2025-11-16,17,0.67,True,telecom,6,0
opp_260,cust_52,5486.06,AED,proposal,website,rep_6,2025-04-18,2025-06-04,15,0.41,True,saas,9,0
opp_261,cust_26,12563.51,AED,prospecting,website,rep_5,2025-02-21,2025-05-11,12,0.4,True,finance,12,1
opp_262,cust_30,19171.24,AED,closed_lost,referral,rep_2,2025-12-18,2026-02-10,11,0.47,True,telecom,9,0
opp_263,cust_47,32980.17,AED,prospecting,outbound,rep_2,2025-02-22,2025-04-24,6,0.48,True,finance,4,0
opp_264,cust_16,4336.03,AED,qualification,partner,rep_3,2025-04-01,2025-04-29,7,0.73,False,healthcare,2,1
opp_265,cust_81,4493.85,AED,proposal,website,rep_1,2025-01-29,2025-02-20,6,0.49,True,logistics,4,1
opp_266,cust_64,10652.72,AED,proposal,website,rep_8,2025-11-18,2025-12-14,10,0.69,True,logistics,4,1
opp_267,cust_20,12139.95,AED,negotiation,outbound,rep_8,2025-09-03,2025-11-19,1,0.7,True,saas,9,0
opp_268,cust_147,4461.12,AED,closed_lost,inbound,rep_8,2025-02-15,2025-04-28,0,0.54,False,finance,7,0
opp_269,cust_144,2874.97,AED,proposal,inbound,rep_4,2025-02-21,2025-04-14,9,0.91,True,finance,13,0
opp_270,cust_169,18378.87,AED,closed_lost,referral,rep_6,2026-02-02,2026-05-03,20,0.57,True,telecom,0,0
opp_271,cust_127,10845.11,AED,prospecting,outbound,rep_3,2025-03-01,2025-03-20,12,0.76,True,logistics,2,0
opp_272,cust_163,5646.36,AED,negotiation,inbound,rep_11,2026-01-28,2026-04-05,11,0.26,True,finance,11,1
opp_273,cust_45,21739.51,AED,proposal,website,rep_12,2025-09-23,2025-10-29,10,0.66,True,telecom,1,0
opp_274,cust_88,21760.29,AED,qualification,website,rep_5,2025-11-13,2025-12-28,5,0.55,True,retail,5,1
opp_275,cust_160,44506.08,AED,prospecting,website,rep_12,2025-10-16,2025-11-26,0,0.44,True,saas,5,1
opp_276,cust_91,30014.0,AED,closed_lost,outbound,rep_9,2025-12-27,2026-02-20,26,0.88,True,healthcare,7,0
opp_277,cust_14,9005.5,AED,closed_lost,partner,rep_11,2025-03-01,2025-03-18,0,0.34,False,saas,0,0
opp_278,cust_116,15199.09,AED,negotiation,outbound,rep_2,2025-10-10,2025-10-28,27,0.45,True,logistics,7,1
opp_279,cust_100,16378.77,AED,negotiation,outbound,rep_7,2025-12-12,2026-01-01,0,0.54,True,logistics,8,0
opp_280,cust_140,21529.8,AED,qualification,website,rep_12,2025-05-01,2025-07-01,27,0.93,True,logistics,10,0
opp_281,cust_68,13637.24,AED,closed_lost,referral,rep_3,2025-01-26,2025-04-04,21,0.0,False,saas,19,0
opp_282,cust_147,5356.53,AED,prospecting,partner,rep_9,2025-02-01,2025-03-25,10,0.8,True,logistics,5,1
opp_283,cust_170,10793.69,AED,qualification,outbound,rep_6,2025-07-03,2025-08-14,8,0.81,True,saas,8,0
opp_284,cust_175,4998.11,AED,prospecting,website,rep_6,2025-11-16,2025-12-31,0,0.42,True,telecom,4,0
opp_285,cust_167,10249.43,AED,qualification,website,rep_4,2025-09-12,2025-10-01,9,0.54,True,telecom,0,1
opp_286,cust_109,11013.6,AED,closed_lost,outbound,rep_2,2025-04-23,2025-06-03,28,0.51,True,logistics,6,0
opp_287,cust_65,9197.9,AED,closed_won,partner,rep_9,2025-02-19,2025-03-14,0,0.23,False,retail,7,1
opp_288,cust_165,9119.68,AED,closed_won,partner,rep_12,2025-12-16,2026-01-14,1,0.42,True,logistics,12,1
opp_289,cust_170,11826.69,AED,proposal,inbound,rep_1,2025-08-18,2025-10-19,21,0.39,True,healthcare,6,1
opp_290,cust_3,5050.42,AED,prospecting,partner,rep_9,2025-06-07,2025-08-07,17,0.87,True,retail,0,0
opp_291,cust_166,2574.48,AED,prospecting,inbound,rep_9,2026-01-12,2026-03-11,7,0.35,False,retail,5,1
opp_292,cust_149,10765.25,AED,qualification,referral,rep_8,2025-02-09,2025-03-27,14,0.52,True,saas,10,1
opp_293,cust_146,8480.45,AED,prospecting,outbound,rep_6,2025-06-11,2025-09-07,20,0.8,True,finance,11,1
opp_294,cust_85,16493.63,AED,prospecting,referral,rep_8,2025-07-09,2025-08-09,12,0.44,True,saas,11,0
opp_295,cust_161,16332.21,AED,negotiation,partner,rep_2,2025-10-08,2025-11-16,10,0.42,True,telecom,0,1
opp_296,cust_139,14922.76,AED,closed_won,inbound,rep_8,2025-01-24,2025-04-18,17,0.29,True,retail,1,1
opp_297,cust_62,9911.82,AED,qualification,outbound,rep_10,2025-07-11,2025-09-27,3,0.78,True,healthcare,9,1
opp_298,cust_125,17128.87,AED,prospecting,outbound,rep_4,2025-07-08,2025-07-27,22,0.46,False,saas,18,1
opp_299,cust_68,12074.96,AED,qualification,outbound,rep_10,2025-09-29,2025-11-17,10,0.16,True,retail,0,0
opp_300,cust_91,22776.52,AED,qualification,partner,rep_6,2025-07-17,2025-08-28,2,0.87,True,finance,13,1
opp_301,cust_31,12314.31,AED,closed_won,inbound,rep_11,2025-04-11,2025-05-15,11,0.43,True,saas,9,1
opp_302,cust_33,13481.7,AED,negotiation,partner,rep_10,2025-08-04,2025-08-20,6,0.63,True,retail,2,1
opp_303,cust_170,10235.44,AED,proposal,inbound,rep_5,2025-10-21,2025-11-06,8,0.65,True,retail,13,0
opp_304,cust_131,26739.38,AED,proposal,partner,rep_5,2025-10-31,2025-12-07,16,0.98,False,logistics,5,1
opp_305,cust_154,26740.82,AED,qualification,partner,rep_1,2025-04-06,2025-06-19,9,0.48,True,healthcare,6,0
opp_306,cust_95,28220.09,AED,proposal,inbound,rep_1,2025-01-06,2025-03-16,24,0.63,True,finance,12,1
opp_307,cust_123,27876.8,AED,qualification,partner,rep_4,2025-02-25,2025-05-04,2,0.6,True,telecom,1,1
opp_308,cust_2,32621.34,AED,qualification,website,rep_7,2025-10-28,2026-01-16,6,0.36,True,logistics,9,1
opp_309,cust_102,20733.54,AED,closed_won,partner,rep_4,2025-07-12,2025-08-30,16,0.47,True,healthcare,5,1
opp_310,cust_115,17104.23,AED,proposal,referral,rep_12,2025-03-17,2025-04-15,1,0.41,True,telecom,5,0
opp_311,cust_38,4102.89,AED,prospecting,partner,rep_8,2025-11-27,2025-12-11,0,0.64,True,finance,2,0
opp_312,cust_153,4017.41,AED,prospecting,referral,rep_1,2025-07-30,2025-10-18,12,0.33,True,retail,10,1
opp_313,cust_158,1813.9,AED,negotiation,partner,rep_3,2025-09-24,2025-12-13,13,0.98,True,saas,13,1
opp_314,cust_52,6323.14,AED,qualification,inbound,rep_9,2025-12-14,2026-02-16,16,0.44,False,logistics,7,1
opp_315,cust_104,3667.15,AED,prospecting,inbound,rep_10,2025-05-01,2025-06-08,7,0.21,False,retail,1,0
opp_316,cust_148,7961.35,AED,qualification,inbound,rep_5,2025-09-25,2025-11-10,0,0.44,True,finance,5,0
opp_317,cust_163,11017.05,AED,proposal,outbound,rep_4,2025-03-06,2025-04-22,0,0.58,True,retail,2,1
opp_318,cust_46,7091.76,AED,closed_won,partner,rep_8,2025-12-16,2026-02-11,23,0.61,True,retail,6,1
opp_319,cust_52,14359.15,AED,closed_won,referral,rep_4,2025-05-09,2025-06-25,27,0.7,True,saas,10,1
opp_320,cust_124,29110.0,AED,prospecting,inbound,rep_6,2025-01-09,2025-04-02,14,0.49,True,finance,9,0
opp_321,cust_109,7050.08,AED,closed_won,website,rep_8,2025-10-28,2025-11-27,3,0.72,True,telecom,19,1
opp_322,cust_3,9335.36,AED,proposal,partner,rep_1,2025-09-28,2025-12-09,23,0.5,True,finance,1,0
opp_323,cust_96,7856.66,AED,proposal,referral,rep_6,2025-08-11,2025-09-20,27,0.27,True,saas,9,0
opp_324,cust_98,6890.36,AED,proposal,website,rep_4,2025-05-24,2025-07-07,20,0.71,False,logistics,12,1
opp_325,cust_146,10647.56,AED,prospecting,inbound,rep_1,2025-09-12,2025-11-03,22,0.67,True,logistics,17,1
opp_326,cust_144,13140.66,AED,prospecting,outbound,rep_9,2025-06-26,2025-08-12,16,0.54,True,saas,2,0
opp_327,cust_173,12832.72,AED,qualification,partner,rep_9,2025-04-05,2025-05-25,25,0.87,True,logistics,11,1
opp_328,cust_157,11907.94,AED,proposal,inbound,rep_10,2025-04-01,2025-05-28,5,0.52,True,telecom,10,1
opp_329,cust_134,12560.99,AED,prospecting,referral,rep_8,2025-08-21,2025-10-20,20,0.58,True,retail,6,0
opp_330,cust_22,27094.04,AED,closed_won,outbound,rep_2,2025-01-19,2025-03-24,9,0.72,True,retail,0,1
opp_331,cust_139,18794.34,AED,prospecting,partner,rep_5,2025-09-06,2025-11-18,19,0.49,True,retail,6,0
opp_332,cust_164,15247.35,AED,closed_lost,website,rep_9,2025-10-21,2025-12-29,17,0.85,True,saas,14,0
opp_333,cust_123,6952.18,AED,proposal,outbound,rep_5,2025-01-10,2025-03-27,1,0.63,False,finance,5,0
opp_334,cust_42,7646.93,AED,negotiation,website,rep_12,2025-10-20,2025-12-28,12,0.68,True,finance,8,1
opp_335,cust_106,13493.59,AED,closed_won,outbound,rep_4,2026-01-21,2026-04-13,22,0.53,True,retail,8,1
opp_336,cust_13,4791.72,AED,prospecting,inbound,rep_9,2025-04-12,2025-06-06,2,0.92,False,telecom,2,1
opp_337,cust_119,9781.85,AED,qualification,outbound,rep_12,2025-06-14,2025-08-30,0,0.47,True,saas,8,0
opp_338,cust_4,3746.5,AED,prospecting,outbound,rep_2,2025-04-14,2025-05-30,28,0.68,True,logistics,10,0
opp_339,cust_80,2298.66,AED,qualification,partner,rep_6,2025-04-22,2025-07-05,44,0.56,False,logistics,10,0
opp_340,cust_61,12180.59,AED,prospecting,website,rep_11,2025-02-01,2025-03-14,4,0.89,True,telecom,7,0
opp_341,cust_23,13559.42,AED,prospecting,referral,rep_4,2025-12-24,2026-03-24,6,0.36,False,telecom,8,1
opp_342,cust_28,11612.31,AED,negotiation,referral,rep_3,2025-12-02,2026-01-04,42,1.0,True,saas,0,0
opp_343,cust_144,8128.7,AED,closed_lost,referral,rep_5,2025-01-26,2025-04-12,1,0.63,True,finance,10,0
opp_344,cust_136,7429.44,AED,prospecting,outbound,rep_3,2025-11-08,2026-01-31,3,0.86,True,saas,6,1
opp_345,cust_138,15297.37,AED,proposal,partner,rep_7,2026-01-10,2026-02-01,12,0.86,True,logistics,5,1
opp_346,cust_12,8435.81,AED,proposal,website,rep_3,2025-02-24,2025-05-15,16,0.65,False,telecom,11,0
opp_347,cust_57,9583.29,AED,prospecting,partner,rep_10,2025-11-04,2025-12-20,14,0.57,True,telecom,4,1
opp_348,cust_107,20945.38,AED,closed_lost,outbound,rep_6,2025-11-29,2025-12-20,0,0.38,True,telecom,0,0
opp_349,cust_49,4865.85,AED,closed_won,referral,rep_4,2025-02-26,2025-04-10,9,0.2,True,retail,9,1
opp_350,cust_180,35050.33,AED,proposal,outbound,rep_11,2025-10-28,2025-12-26,0,0.47,True,telecom,5,0
opp_351,cust_84,60164.57,AED,prospecting,outbound,rep_6,2025-06-16,2025-09-08,8,0.3,True,logistics,4,0
opp_352,cust_116,2284.11,AED,qualification,referral,rep_8,2026-01-22,2026-03-09,2,0.32,True,telecom,3,1
opp_353,cust_177,7272.49,AED,negotiation,referral,rep_5,2025-06-16,2025-07-02,5,0.33,True,healthcare,12,0
opp_354,cust_66,8093.49,AED,proposal,website,rep_5,2025-07-12,2025-10-08,13,0.54,False,finance,9,1
opp_355,cust_77,34893.72,AED,proposal,outbound,rep_1,2025-10-28,2025-11-23,0,0.52,True,healthcare,8,0
opp_356,cust_155,22164.14,AED,qualification,inbound,rep_1,2025-03-08,2025-04-20,19,0.42,True,logistics,5,0
opp_357,cust_153,13101.21,AED,qualification,referral,rep_10,2025-12-16,2026-02-18,10,0.36,True,retail,3,0
opp_358,cust_103,8832.13,AED,qualification,partner,rep_9,2025-10-13,2025-12-17,17,0.47,True,logistics,11,1
opp_359,cust_148,10284.89,AED,prospecting,outbound,rep_2,2025-05-22,2025-07-30,12,0.4,False,finance,2,0
opp_360,cust_114,22254.48,AED,qualification,referral,rep_10,2025-04-02,2025-05-30,15,0.73,False,telecom,12,1
opp_361,cust_138,4235.13,AED,closed_lost,outbound,rep_4,2025-01-17,2025-03-14,21,0.62,True,healthcare,8,0
opp_362,cust_170,2369.14,AED,negotiation,website,rep_9,2025-01-15,2025-03-18,0,0.12,False,retail,8,0
opp_363,cust_5,3767.75,AED,prospecting,outbound,rep_5,2025-05-24,2025-07-23,0,0.62,True,logistics,14,0
opp_364,cust_51,25365.0,AED,qualification,partner,rep_9,2025-11-07,2026-01-28,0,0.66,True,healthcare,7,1
opp_365,cust_129,13951.67,AED,closed_lost,inbound,rep_5,2025-06-09,2025-07-23,17,1.0,True,logistics,6,0
opp_366,cust_98,7250.57,AED,qualification,partner,rep_9,2025-07-26,2025-08-26,26,0.79,True,healthcare,2,1
opp_367,cust_149,12452.98,AED,closed_won,outbound,rep_9,2025-03-14,2025-04-23,18,0.3,True,retail,4,1
opp_368,cust_145,23457.82,AED,closed_won,referral,rep_3,2026-02-04,2026-03-08,3,0.63,True,healthcare,0,1
opp_369,cust_49,21916.55,AED,proposal,inbound,rep_2,2026-01-22,2026-03-12,29,0.72,False,telecom,8,1
opp_370,cust_177,13825.76,AED,negotiation,website,rep_8,2025-05-04,2025-05-21,1,0.59,False,healthcare,3,1
opp_371,cust_57,5677.08,AED,proposal,referral,rep_12,2025-01-13,2025-03-02,21,0.64,True,retail,5,0
opp_372,cust_64,8181.28,AED,negotiation,inbound,rep_7,2025-12-24,2026-02-17,23,0.57,True,telecom,19,0
opp_373,cust_116,11171.12,AED,proposal,partner,rep_8,2026-01-01,2026-01-19,2,0.51,True,telecom,14,1
opp_374,cust_113,18741.61,AED,closed_won,outbound,rep_7,2025-09-27,2025-10-17,2,0.44,True,saas,7,1
opp_375,cust_150,8746.54,AED,proposal,partner,rep_12,2025-02-21,2025-05-10,33,0.41,True,finance,4,1
opp_376,cust_32,5425.34,AED,qualification,partner,rep_2,2026-01-05,2026-02-08,22,0.11,False,finance,8,0
opp_377,cust_86,23606.31,AED,proposal,inbound,rep_10,2025-07-19,2025-08-07,10,0.34,True,retail,9,0
opp_378,cust_47,8605.34,AED,prospecting,outbound,rep_2,2026-02-03,2026-04-15,18,0.3,True,retail,15,0
opp_379,cust_117,12784.7,AED,prospecting,referral,rep_7,2025-04-27,2025-07-25,12,0.81,True,healthcare,0,0
opp_380,cust_15,23359.76,AED,proposal,outbound,rep_11,2025-04-22,2025-05-12,17,0.55,True,retail,5,1
opp_381,cust_178,8766.08,AED,closed_won,website,rep_12,2025-12-16,2026-02-04,4,0.65,True,healthcare,9,1
opp_382,cust_17,1500,AED,prospecting,partner,rep_5,2025-02-09,2025-04-18,11,0.52,True,telecom,3,0
opp_383,cust_124,2870.38,AED,negotiation,referral,rep_12,2025-11-24,2026-02-13,21,0.44,True,logistics,8,0
opp_384,cust_162,12575.55,AED,qualification,website,rep_8,2025-03-13,2025-06-07,16,0.7,True,retail,4,0
opp_385,cust_86,11740.55,AED,closed_won,outbound,rep_6,2025-04-22,2025-06-28,0,0.39,True,logistics,9,1
opp_386,cust_30,4714.08,AED,prospecting,outbound,rep_11,2025-10-14,2025-12-08,9,0.55,True,finance,4,0
opp_387,cust_124,26200.36,AED,negotiation,website,rep_3,2025-09-05,2025-09-23,7,0.95,True,healthcare,11,1
opp_388,cust_81,57910.98,AED,closed_won,partner,rep_9,2025-06-08,2025-09-02,14,0.94,True,retail,2,1
opp_389,cust_79,25807.78,AED,proposal,referral,rep_12,2025-07-24,2025-08-30,0,0.69,True,logistics,0,1
opp_390,cust_45,4006.85,AED,prospecting,partner,rep_2,2025-06-09,2025-07-20,29,1.0,True,telecom,13,1
opp_391,cust_26,17782.19,AED,negotiation,inbound,rep_9,2025-06-22,2025-07-24,12,0.5,True,retail,2,0
opp_392,cust_86,10167.42,AED,prospecting,inbound,rep_8,2025-01-28,2025-04-28,0,0.58,True,telecom,9,0
opp_393,cust_172,5978.75,AED,proposal,referral,rep_2,2025-10-05,2025-11-28,14,0.92,True,retail,5,1
opp_394,cust_73,3485.02,AED,qualification,inbound,rep_10,2025-10-14,2025-12-07,24,0.43,True,telecom,6,1
opp_395,cust_153,4122.44,AED,qualification,referral,rep_10,2025-02-19,2025-04-28,11,0.48,True,logistics,18,1
opp_396,cust_120,2207.53,AED,negotiation,website,rep_10,2025-10-06,2025-10-30,6,0.64,False,logistics,11,0
opp_397,cust_171,18778.29,AED,proposal,partner,rep_6,2025-07-11,2025-09-13,25,0.43,True,saas,8,1
opp_398,cust_33,8381.52,AED,proposal,inbound,rep_9,2025-05-30,2025-07-27,16,0.3,False,logistics,8,0
opp_399,cust_124,11416.19,AED,negotiation,referral,rep_7,2025-05-10,2025-08-02,10,0.47,False,retail,6,1
opp_400,cust_172,11189.15,AED,closed_won,website,rep_2,2025-12-27,2026-02-09,0,0.78,True,logistics,13,1
opp_401,cust_176,8999.51,AED,proposal,partner,rep_10,2025-08-01,2025-08-23,20,0.77,True,finance,6,0
opp_402,cust_148,6011.07,AED,qualification,inbound,rep_8,2025-10-05,2025-11-25,27,0.64,True,logistics,12,1
opp_403,cust_33,8059.82,AED,closed_won,referral,rep_5,2025-01-10,2025-03-30,2,0.11,False,healthcare,3,1
opp_404,cust_152,2927.18,AED,closed_lost,inbound,rep_7,2025-01-21,2025-03-06,6,1.0,True,logistics,0,0
opp_405,cust_172,15135.49,AED,qualification,partner,rep_3,2025-07-09,2025-09-14,14,0.41,False,telecom,9,1
opp_406,cust_179,2454.94,AED,negotiation,outbound,rep_10,2025-08-06,2025-10-17,9,0.66,True,healthcare,2,0
opp_407,cust_69,9036.11,AED,prospecting,website,rep_7,2025-09-18,2025-11-01,20,0.19,True,healthcare,5,0
opp_408,cust_135,4040.06,AED,qualification,inbound,rep_5,2025-12-25,2026-01-18,0,0.65,True,telecom,4,1
opp_409,cust_88,2482.05,AED,proposal,website,rep_9,2025-10-29,2025-12-21,17,0.76,True,finance,7,0
opp_410,cust_145,7359.42,AED,proposal,partner,rep_5,2025-12-27,2026-03-27,3,0.0,False,finance,5,0
opp_411,cust_72,7487.35,AED,proposal,website,rep_5,2025-09-21,2025-10-14,21,1.0,False,saas,10,0
opp_412,cust_45,3800.27,AED,qualification,referral,rep_5,2025-03-24,2025-06-03,16,0.26,True,retail,8,0
opp_413,cust_113,4635.32,AED,proposal,website,rep_12,2026-02-04,2026-04-08,5,0.68,True,retail,10,1
opp_414,cust_175,9113.35,AED,proposal,referral,rep_12,2025-09-06,2025-11-27,19,0.61,True,saas,9,1
opp_415,cust_26,3642.8,AED,prospecting,partner,rep_5,2025-05-25,2025-07-20,13,1.0,True,finance,0,1
opp_416,cust_3,5693.56,AED,proposal,outbound,rep_11,2025-12-25,2026-01-31,10,0.65,False,telecom,1,1
opp_417,cust_164,11522.17,AED,prospecting,inbound,rep_2,2025-11-06,2025-12-17,9,0.22,True,telecom,3,0
opp_418,cust_65,29931.99,AED,prospecting,website,rep_5,2025-04-10,2025-05-08,22,0.83,True,telecom,13,0
opp_419,cust_86,2620.2,AED,proposal,referral,rep_1,2025-05-27,2025-06-17,0,0.59,True,saas,3,1
opp_420,cust_111,11628.66,AED,prospecting,inbound,rep_4,2025-09-14,2025-10-11,0,0.22,True,telecom,8,1
opp_421,cust_171,5281.77,AED,closed_won,referral,rep_7,2025-03-23,2025-04-06,14,0.62,True,logistics,4,1
opp_422,cust_18,27923.3,AED,qualification,partner,rep_9,2025-08-17,2025-10-21,1,0.48,True,finance,5,0
opp_423,cust_88,7703.19,AED,closed_lost,partner,rep_2,2025-12-03,2025-12-28,20,0.75,True,saas,12,0
opp_424,cust_92,13033.78,AED,negotiation,outbound,rep_8,2025-07-24,2025-08-20,0,0.54,False,logistics,3,0
opp_425,cust_116,9761.49,AED,qualification,outbound,rep_1,2025-10-09,2025-12-01,17,0.64,False,telecom,6,0
opp_426,cust_149,14580.23,AED,qualification,inbound,rep_4,2025-12-19,2026-03-11,6,0.26,True,telecom,9,1
opp_427,cust_25,13069.33,AED,negotiation,partner,rep_8,2025-04-04,2025-04-24,2,0.41,True,healthcare,9,0
opp_428,cust_174,11478.24,AED,prospecting,inbound,rep_7,2025-04-19,2025-06-26,22,0.52,True,logistics,12,1
opp_429,cust_113,3229.49,AED,proposal,outbound,rep_4,2025-04-02,2025-06-02,35,0.3,True,telecom,8,0
opp_430,cust_122,18234.94,AED,prospecting,website,rep_12,2025-05-31,2025-08-06,7,0.62,False,retail,10,0
opp_431,cust_78,14895.33,AED,proposal,website,rep_6,2025-11-15,2025-12-10,14,0.4,True,healthcare,11,0
opp_432,cust_161,28011.09,AED,qualification,inbound,rep_11,2025-10-09,2025-12-26,39,0.85,True,telecom,6,1
opp_433,cust_112,12252.99,AED,prospecting,outbound,rep_5,2025-12-02,2026-01-31,0,0.32,True,finance,4,0
opp_434,cust_114,19260.0,AED,prospecting,inbound,rep_10,2025-03-06,2025-03-29,17,0.57,True,finance,6,0
opp_435,cust_125,8680.25,AED,prospecting,referral,rep_1,2025-04-28,2025-05-21,16,0.56,True,retail,8,0
opp_436,cust_52,2083.07,AED,prospecting,website,rep_6,2025-11-25,2026-01-23,2,0.71,False,logistics,9,0
opp_437,cust_164,1893.73,AED,proposal,referral,rep_10,2025-11-11,2025-12-15,26,0.83,True,healthcare,5,0
opp_438,cust_72,1500,AED,closed_lost,outbound,rep_1,2025-11-04,2026-01-17,28,0.58,True,logistics,13,0
opp_439,cust_11,3681.81,AED,closed_won,outbound,rep_8,2025-01-08,2025-03-16,23,0.41,True,healthcare,13,1
opp_440,cust_4,12859.17,AED,prospecting,website,rep_12,2025-09-16,2025-10-30,0,0.36,True,retail,13,1
opp_441,cust_117,4669.95,AED,prospecting,referral,rep_8,2025-10-25,2026-01-21,48,0.61,True,logistics,15,1
opp_442,cust_70,6329.43,AED,qualification,referral,rep_12,2025-10-04,2025-10-22,1,0.58,True,healthcare,2,1
opp_443,cust_159,64361.33,AED,proposal,outbound,rep_1,2025-03-03,2025-05-05,8,0.57,True,retail,13,1
opp_444,cust_149,5151.77,AED,negotiation,inbound,rep_12,2025-10-09,2025-11-06,0,0.31,True,logistics,4,0
opp_445,cust_32,4443.55,AED,negotiation,referral,rep_8,2025-09-11,2025-11-28,18,0.45,True,logistics,6,1
opp_446,cust_118,19504.55,AED,closed_won,referral,rep_2,2025-02-08,2025-03-18,2,0.39,False,retail,9,1
opp_447,cust_175,25324.0,AED,qualification,inbound,rep_9,2025-11-23,2025-12-09,17,0.69,True,finance,6,1
opp_448,cust_84,10254.56,AED,qualification,partner,rep_8,2025-10-29,2025-12-25,11,0.31,True,logistics,6,0
opp_449,cust_13,5809.74,AED,proposal,website,rep_3,2025-09-10,2025-11-10,14,0.37,True,finance,13,0
opp_450,cust_30,37299.33,AED,closed_lost,website,rep_1,2025-12-13,2026-01-15,26,0.84,True,healthcare,4,0
opp_451,cust_7,1500,AED,prospecting,referral,rep_7,2025-10-06,2025-11-27,16,0.45,True,retail,6,1
opp_452,cust_75,11075.57,AED,closed_lost,referral,rep_10,2025-12-03,2026-01-23,26,0.24,True,healthcare,19,0
opp_453,cust_57,12607.6,AED,negotiation,partner,rep_8,2025-01-18,2025-03-24,16,0.49,True,saas,6,0
opp_454,cust_115,20425.69,AED,prospecting,outbound,rep_11,2025-01-17,2025-02-10,5,0.56,True,telecom,6,0
opp_455,cust_96,21325.74,AED,closed_lost,partner,rep_1,2025-03-22,2025-05-29,20,0.62,True,saas,0,0
opp_456,cust_109,16192.79,AED,qualification,partner,rep_12,2025-08-06,2025-10-15,15,0.23,True,retail,6,0
opp_457,cust_119,4285.98,AED,closed_won,website,rep_12,2025-05-25,2025-07-31,15,0.68,True,retail,0,1
opp_458,cust_119,17246.29,AED,prospecting,partner,rep_4,2025-11-01,2025-12-23,9,0.62,False,telecom,13,0
opp_459,cust_71,22227.32,AED,prospecting,referral,rep_8,2025-09-14,2025-10-29,6,0.95,True,telecom,0,1
opp_460,cust_148,32502.13,AED,proposal,referral,rep_1,2025-09-06,2025-10-05,0,0.61,True,retail,4,1
opp_461,cust_136,6183.97,AED,proposal,outbound,rep_11,2025-07-07,2025-07-27,30,0.36,True,healthcare,9,0
opp_462,cust_179,5485.73,AED,prospecting,outbound,rep_12,2025-06-16,2025-08-07,13,0.65,True,healthcare,1,1
opp_463,cust_57,1500,AED,proposal,outbound,rep_4,2025-02-27,2025-04-09,12,0.81,True,healthcare,3,1
opp_464,cust_30,33871.92,AED,proposal,website,rep_3,2025-08-07,2025-10-18,20,0.73,True,finance,1,0
opp_465,cust_178,3952.66,AED,qualification,referral,rep_3,2025-03-07,2025-04-18,20,0.7,True,saas,14,1
opp_466,cust_11,14123.34,AED,prospecting,outbound,rep_4,2025-01-15,2025-03-31,22,0.53,False,logistics,7,0
opp_467,cust_90,3182.68,AED,proposal,inbound,rep_1,2025-11-02,2025-12-11,16,0.08,False,logistics,12,1
opp_468,cust_26,9924.95,AED,closed_lost,website,rep_10,2025-05-09,2025-07-26,8,0.6,True,healthcare,10,0
opp_469,cust_28,8950.05,AED,prospecting,outbound,rep_3,2025-04-10,2025-06-19,10,0.68,True,finance,8,0
opp_470,cust_127,28758.14,AED,qualification,website,rep_2,2025-10-18,2025-11-06,12,0.53,True,finance,10,1
opp_471,cust_95,27393.81,AED,proposal,referral,rep_3,2025-02-10,2025-04-25,0,0.39,False,logistics,8,0
opp_472,cust_27,12590.12,AED,proposal,inbound,rep_12,2025-07-27,2025-09-30,2,0.77,True,retail,11,1
opp_473,cust_165,43370.36,AED,prospecting,outbound,rep_7,2025-05-28,2025-08-24,23,0.39,True,logistics,10,0
opp_474,cust_60,4552.96,AED,proposal,partner,rep_11,2025-03-09,2025-04-24,23,0.54,True,telecom,7,0
opp_475,cust_170,11927.51,AED,prospecting,inbound,rep_9,2025-06-10,2025-07-06,1,0.67,True,finance,11,0
opp_476,cust_9,2595.99,AED,prospecting,partner,rep_7,2025-10-12,2025-10-28,4,0.57,True,telecom,8,0
opp_477,cust_35,23569.51,AED,qualification,referral,rep_5,2026-01-02,2026-02-06,3,0.69,True,finance,11,1
opp_478,cust_130,16653.45,AED,negotiation,website,rep_1,2025-09-06,2025-11-30,5,0.58,True,finance,1,0
opp_479,cust_161,18423.99,AED,proposal,partner,rep_6,2026-01-20,2026-04-18,5,0.4,True,finance,12,1
opp_480,cust_177,6625.61,AED,qualification,referral,rep_2,2025-06-14,2025-09-11,9,0.52,True,telecom,8,1
opp_481,cust_82,10204.88,AED,qualification,inbound,rep_7,2025-01-16,2025-03-31,11,0.49,True,saas,5,0
opp_482,cust_77,6659.79,AED,proposal,partner,rep_6,2026-02-01,2026-03-30,24,0.36,True,retail,12,1
opp_483,cust_149,26810.31,AED,proposal,inbound,rep_2,2025-05-01,2025-05-26,1,0.7,True,saas,7,1
opp_484,cust_111,27415.71,AED,prospecting,website,rep_11,2025-06-09,2025-08-26,5,0.62,True,retail,8,0
opp_485,cust_164,27703.89,AED,qualification,referral,rep_9,2025-04-25,2025-07-07,4,0.38,True,finance,8,1
opp_486,cust_106,6015.29,AED,closed_lost,inbound,rep_6,2025-12-22,2026-02-12,2,0.41,True,telecom,7,0
opp_487,cust_80,6528.23,AED,proposal,partner,rep_8,2025-03-23,2025-04-30,20,0.53,True,finance,12,1
opp_488,cust_125,5464.51,AED,qualification,inbound,rep_1,2025-12-01,2025-12-20,14,0.83,False,telecom,11,0
opp_489,cust_147,12183.3,AED,qualification,referral,rep_12,2026-01-11,2026-02-11,0,0.87,True,telecom,4,1
opp_490,cust_100,6916.37,AED,proposal,website,rep_12,2025-06-15,2025-08-10,34,0.67,True,finance,4,0
opp_491,cust_109,12220.18,AED,prospecting,inbound,rep_8,2025-07-16,2025-08-13,35,0.81,True,saas,4,1
opp_492,cust_99,33323.26,AED,closed_won,outbound,rep_5,2025-02-02,2025-03-18,1,0.61,True,logistics,14,1
opp_493,cust_42,20289.84,AED,qualification,inbound,rep_8,2026-01-28,2026-03-13,10,0.39,True,logistics,7,1
opp_494,cust_86,19152.94,AED,qualification,inbound,rep_12,2026-01-18,2026-03-25,11,0.56,True,telecom,10,0
opp_495,cust_48,16685.21,AED,closed_won,referral,rep_11,2025-01-20,2025-02-09,11,0.35,True,logistics,0,1
opp_496,cust_167,10964.13,AED,prospecting,partner,rep_3,2025-05-13,2025-08-01,14,0.31,True,logistics,12,0
opp_497,cust_95,11685.74,AED,qualification,referral,rep_3,2025-05-30,2025-07-08,18,0.12,True,finance,10,1
opp_498,cust_44,50633.1,AED,closed_lost,website,rep_1,2025-08-30,2025-10-08,15,0.65,True,finance,20,0
opp_499,cust_53,15751.88,AED,proposal,outbound,rep_4,2025-08-26,2025-11-11,17,0.73,True,saas,10,1
opp_500,cust_105,6316.06,AED,qualification,partner,rep_3,2025-05-30,2025-07-07,4,0.51,False,saas,11,1
opp_501,cust_109,4956.98,AED,qualification,partner,rep_12,2025-12-23,2026-02-02,6,0.73,True,telecom,5,0
opp_502,cust_12,9376.3,AED,prospecting,inbound,rep_1,2025-11-12,2026-02-10,33,0.33,True,healthcare,11,0
opp_503,cust_34,6224.08,AED,qualification,partner,rep_2,2025-09-15,2025-11-11,7,0.49,True,healthcare,9,0
opp_504,cust_68,48744.25,AED,qualification,referral,rep_10,2025-08-14,2025-10-03,14,0.51,True,saas,9,0
opp_505,cust_59,25257.13,AED,proposal,partner,rep_3,2025-02-02,2025-03-12,6,0.7,False,saas,16,1
opp_506,cust_38,5474.42,AED,prospecting,partner,rep_2,2025-09-11,2025-11-22,0,0.54,True,retail,14,1
opp_507,cust_47,12692.14,AED,closed_won,outbound,rep_7,2025-01-08,2025-03-30,0,0.74,True,retail,10,1
opp_508,cust_28,19570.45,AED,negotiation,inbound,rep_6,2025-07-26,2025-09-25,13,0.3,False,telecom,7,0
opp_509,cust_13,22072.18,AED,proposal,partner,rep_11,2026-01-15,2026-04-11,19,0.02,True,telecom,7,1
opp_510,cust_54,8537.63,AED,negotiation,website,rep_3,2026-02-04,2026-04-10,21,0.54,True,finance,6,1
opp_511,cust_95,4798.89,AED,qualification,outbound,rep_9,2025-03-14,2025-05-12,19,0.74,True,finance,0,0
opp_512,cust_110,4221.07,AED,closed_won,partner,rep_2,2025-07-13,2025-08-19,10,0.71,False,saas,14,1
opp_513,cust_123,12004.12,AED,closed_lost,outbound,rep_5,2025-09-02,2025-11-10,0,0.34,False,retail,13,0
opp_514,cust_131,7647.17,AED,negotiation,referral,rep_7,2025-02-14,2025-03-05,18,0.44,True,finance,2,0
opp_515,cust_77,8034.67,AED,negotiation,website,rep_6,2025-07-26,2025-08-14,3,0.63,True,finance,0,1
opp_516,cust_28,6241.9,AED,negotiation,partner,rep_7,2026-01-23,2026-03-11,6,0.36,True,telecom,5,0
opp_517,cust_177,9492.01,AED,qualification,inbound,rep_11,2025-11-17,2026-01-16,22,0.67,True,saas,4,0
opp_518,cust_112,17072.05,AED,prospecting,outbound,rep_11,2025-12-04,2026-01-05,16,0.14,True,healthcare,8,0
opp_519,cust_52,8711.16,AED,prospecting,referral,rep_5,2025-01-16,2025-03-28,6,0.57,True,finance,5,0
opp_520,cust_142,8602.53,AED,prospecting,inbound,rep_5,2025-09-16,2025-12-13,27,0.6,False,finance,13,0
opp_bad_amount,cust_bad,-500,AED,proposal,inbound,rep_1,2026-01-15,2026-03-01,3,0.5,True,retail,4,0
opp_bad_date,cust_bad,9000,AED,proposal,inbound,rep_1,15/01/2026,2026-03-01,3,0.5,True,retail,4,0
opp_missing_stage,cust_bad,9000,AED,,inbound,rep_1,2026-01-15,2026-03-01,3,0.5,True,retail,4,0
