entity_id,as_of_date,channel,past_response_rate,prior_response_count,days_since_last_campaign,customer_segment,responded
M-01481,2023-01-01,direct_mail,0.23673459807606817,3,12,standard,0
M-03673,2023-01-01,email,0.4447874666325655,1,106,standard,1
M-01408,2023-01-01,sms,0.08213455814507263,3,33,at_risk,0
M-02441,2023-01-01,email,0.2961169175364375,1,20,standard,1
M-01948,2023-01-01,email,0.5859390023447821,0,100,at_risk,1
M-02315,2023-01-01,email,0.3846773848516447,2,102,new,0
M-01995,2023-01-01,direct_mail,0.006147114984796637,2,31,high_value,0
M-01487,2023-01-01,email,0.4694456261593743,0,17,at_risk,1
M-02258,2023-01-01,direct_mail,0.47215078757290446,1,15,standard,1
M-02788,2023-01-02,email,0.38765384718216456,1,95,standard,0
M-02627,2023-01-02,email,0.06871510011814709,0,119,new,0
M-03233,2023-01-02,push,0.05425051529959616,0,117,new,0
M-01236,2023-01-02,push,0.22362528854413938,3,106,new,1
M-01621,2023-01-02,email,0.55443809141876,0,14,new,0
M-00772,2023-01-02,sms,0.029514787188737825,4,82,new,1
M-00900,2023-01-02,direct_mail,0.3169407799702096,2,88,new,1
M-01912,2023-01-02,email,0.25333762378235053,0,70,standard,1
M-03190,2023-01-02,direct_mail,0.013363308636110186,1,27,standard,0
M-01738,2023-01-02,sms,0.09134056401227746,1,58,at_risk,1
M-01549,2023-01-02,push,0.5812525177616716,2,31,new,1
M-01293,2023-01-02,push,0.08641727041071967,2,6,new,0
M-00464,2023-01-03,sms,0.39461325062525826,1,15,new,0
M-00845,2023-01-03,email,0.21850223990987594,0,74,new,1
M-02400,2023-01-03,push,0.085286863569647,2,87,high_value,0
M-00103,2023-01-03,push,0.33581943752616505,1,27,at_risk,0
M-00574,2023-01-03,sms,0.45674259491724295,0,85,high_value,1
M-02645,2023-01-03,sms,0.29370033172607973,1,100,standard,1
M-00844,2023-01-03,email,0.30545195990414853,0,23,standard,0
M-00380,2023-01-03,email,0.13427171241368896,1,96,new,0
M-03216,2023-01-03,direct_mail,0.052798617974127306,2,12,standard,1
M-01189,2023-01-03,email,0.4156599436005552,1,47,new,0
M-00302,2023-01-04,push,0.08076135377426959,2,52,standard,1
M-01278,2023-01-04,push,0.5763287849548937,0,29,high_value,1
M-00706,2023-01-04,sms,0.5383637747957336,2,88,new,0
M-02201,2023-01-04,email,0.5767534774534626,0,75,new,1
M-03398,2023-01-04,sms,0.3328563795518638,2,104,standard,1
M-01174,2023-01-04,email,0.13962716784951254,2,60,new,0
M-01531,2023-01-04,email,0.3446246756169921,0,88,standard,1
M-03724,2023-01-04,push,0.3983604000269658,3,18,high_value,1
M-01806,2023-01-04,push,0.04074480918597317,0,100,high_value,1
M-02442,2023-01-04,email,0.1505952571686299,2,15,standard,1
M-01681,2023-01-05,email,0.14239116904308216,0,110,new,1
M-00789,2023-01-05,email,0.2343725127185127,2,5,high_value,1
M-03903,2023-01-05,email,0.13687403970599119,3,34,at_risk,1
M-00800,2023-01-05,email,0.4400637149232444,2,58,high_value,1
M-01762,2023-01-05,sms,0.5339423741601305,2,113,standard,0
M-03798,2023-01-05,email,0.113364371563453,2,82,standard,1
M-03821,2023-01-05,push,0.3114752257179596,2,77,standard,1
M-01069,2023-01-05,sms,0.27386856248121916,0,70,high_value,0
M-00838,2023-01-06,push,0.47440978509061443,1,66,at_risk,1
M-03102,2023-01-06,email,0.053280359825654024,2,93,standard,1
M-01120,2023-01-06,push,0.32195460386895286,0,111,high_value,0
M-01037,2023-01-06,sms,0.16285721054591248,0,12,at_risk,0
M-00409,2023-01-06,push,0.10972810800673151,3,94,standard,0
M-02974,2023-01-07,sms,0.2811229406781638,0,10,standard,0
M-00888,2023-01-07,email,0.11345022765462655,4,51,standard,1
M-03135,2023-01-07,email,0.042806188108289824,2,97,standard,1
M-03504,2023-01-07,email,0.21520297244810996,0,26,high_value,1
M-01623,2023-01-07,email,0.14286011562723525,1,19,standard,0
M-01593,2023-01-08,email,0.49219677602963435,2,97,new,1
M-00414,2023-01-08,email,0.181913249490653,1,57,standard,0
M-01651,2023-01-08,push,0.28724712272280173,3,112,standard,1
M-01365,2023-01-08,push,0.4698686149474643,1,107,high_value,1
M-00232,2023-01-08,sms,0.18423098794235368,3,43,high_value,0
M-00477,2023-01-08,sms,0.3151424066735618,0,15,at_risk,0
M-03857,2023-01-08,email,0.15431854593372776,2,13,at_risk,1
M-03897,2023-01-08,sms,0.4847637489660958,0,57,standard,1
M-02089,2023-01-08,sms,0.11484735285645413,1,28,standard,0
M-03787,2023-01-09,sms,0.5328133533302931,2,14,standard,1
M-00368,2023-01-09,push,0.34381089671640375,1,51,high_value,1
M-03803,2023-01-09,push,0.0654295272131455,0,41,new,0
M-01166,2023-01-09,email,0.13448119075025602,2,74,standard,0
M-02170,2023-01-09,push,0.1548793416078528,1,38,at_risk,0
M-03804,2023-01-09,direct_mail,0.21539962530920437,0,21,new,0
M-01528,2023-01-09,sms,0.21366075456692285,2,18,high_value,0
M-00299,2023-01-09,email,0.28925690953217076,0,93,new,0
M-00539,2023-01-09,email,0.09510500113221562,3,51,new,1
M-03946,2023-01-10,push,0.3035420570377035,0,114,new,0
M-00169,2023-01-10,sms,0.28573474114624015,0,25,standard,1
M-02137,2023-01-10,push,0.177550270632701,2,80,standard,1
M-01782,2023-01-10,push,0.203692877699615,2,12,at_risk,1
M-02260,2023-01-10,direct_mail,0.4817024639999942,0,75,standard,1
M-00820,2023-01-10,email,0.58777575278609,0,105,new,1
M-03441,2023-01-10,push,0.35844495808127574,1,71,standard,1
M-00271,2023-01-10,email,0.17269841212193834,0,16,standard,1
M-02711,2023-01-10,sms,0.23140743743584474,1,58,new,0
M-00453,2023-01-10,sms,0.23378672897871794,5,90,standard,1
M-01743,2023-01-10,email,0.11110941769253344,0,54,standard,1
M-03118,2023-01-10,email,0.24638314545829826,1,40,standard,1
M-03308,2023-01-10,email,0.09355167564157496,1,115,standard,0
M-01179,2023-01-10,push,0.20076809354775726,1,56,at_risk,0
M-00428,2023-01-11,direct_mail,0.019830025344645383,0,5,high_value,0
M-03996,2023-01-11,push,0.06461284393398883,2,62,standard,1
M-02468,2023-01-11,sms,0.25775629776453557,3,76,standard,1
M-02409,2023-01-11,sms,0.25591956215116474,2,89,at_risk,1
M-01398,2023-01-11,sms,0.44855646909179114,2,104,standard,1
M-02328,2023-01-11,direct_mail,0.5114387435739747,1,56,at_risk,0
M-02222,2023-01-11,sms,0.3030935084552029,1,103,standard,1
M-03485,2023-01-11,email,0.36128684550439644,1,28,at_risk,1
M-02635,2023-01-11,direct_mail,0.2544394441213805,0,15,at_risk,1
M-01299,2023-01-12,direct_mail,0.4508279716986138,2,59,at_risk,1
M-01492,2023-01-12,push,0.32698861573663035,2,14,at_risk,0
M-00829,2023-01-12,push,0.29243838283568613,0,64,at_risk,1
M-01589,2023-01-12,sms,0.19918095044329873,0,3,standard,1
M-00384,2023-01-13,push,0.4429156500963341,3,115,at_risk,1
M-01943,2023-01-13,email,0.22112013535082292,2,18,standard,0
M-02950,2023-01-13,email,0.3339218149172397,3,83,new,1
M-03681,2023-01-13,sms,0.5413239436335465,0,50,standard,0
M-03457,2023-01-13,direct_mail,0.28173175982849,1,53,new,0
M-02498,2023-01-13,direct_mail,0.3329106405438167,0,109,standard,1
M-02558,2023-01-13,sms,0.41075794614571876,0,74,new,0
M-01535,2023-01-13,push,0.11205672461153944,1,92,standard,0
M-03536,2023-01-13,email,0.40430936587042776,0,15,standard,0
M-01868,2023-01-13,push,0.07816855115561164,3,27,standard,0
M-00137,2023-01-13,push,0.16323145150466498,4,30,standard,1
M-00786,2023-01-13,push,0.19243561530079764,2,22,high_value,0
M-02262,2023-01-13,email,0.43809458382008293,0,117,standard,1
M-00146,2023-01-14,sms,0.09560479500855211,2,106,standard,1
M-02321,2023-01-14,email,0.3918457751923172,1,35,standard,1
M-00843,2023-01-15,push,0.13850913699200088,0,82,standard,1
M-03319,2023-01-15,sms,0.164634709777495,0,100,standard,1
M-01908,2023-01-15,sms,0.2819178506214718,1,119,standard,1
M-00662,2023-01-15,email,0.2238883104353132,0,82,at_risk,0
M-02763,2023-01-15,email,0.16125209338404195,1,73,high_value,1
M-03544,2023-01-15,direct_mail,0.4051961191304988,4,11,standard,0
M-03632,2023-01-15,push,0.4861715477134807,1,26,new,1
M-02865,2023-01-15,email,0.360446553215484,1,105,standard,1
M-00327,2023-01-15,email,0.34189015551057156,1,55,standard,1
M-00969,2023-01-15,push,0.45631083629492003,0,28,at_risk,1
M-01445,2023-01-15,sms,0.18456007264680818,3,83,standard,0
M-01682,2023-01-15,email,0.27777233112064104,3,94,standard,1
M-01265,2023-01-15,email,0.34447563167268763,2,64,standard,1
M-00116,2023-01-15,email,0.4404046478487442,1,29,at_risk,0
M-03754,2023-01-16,email,0.5807312061002435,1,41,standard,0
M-02202,2023-01-16,direct_mail,0.19516379601805595,1,59,standard,0
M-03239,2023-01-16,sms,0.3747389156488868,1,28,standard,0
M-02629,2023-01-16,push,0.24937905573579142,3,43,new,0
M-02037,2023-01-17,email,0.15745982302907727,1,32,at_risk,0
M-01451,2023-01-17,push,0.30679404714419345,3,31,new,1
M-00901,2023-01-17,email,0.21779760335858628,3,20,standard,0
M-00249,2023-01-17,push,0.32559684849803006,1,109,standard,1
M-02727,2023-01-17,email,0.5480493313173603,0,29,new,0
M-02771,2023-01-17,sms,0.21288253465278492,3,101,standard,0
M-02880,2023-01-17,push,0.1596262024549514,2,104,standard,1
M-01018,2023-01-17,email,0.3571529591344734,3,92,standard,1
M-01098,2023-01-17,email,0.2592399565455306,1,5,standard,0
M-01239,2023-01-17,sms,0.0720197041260592,3,119,at_risk,0
M-00869,2023-01-17,sms,0.11443792158328557,0,102,standard,0
M-00561,2023-01-18,push,0.1908807873967115,2,71,standard,0
M-00055,2023-01-18,sms,0.19077978664574907,1,97,standard,1
M-02521,2023-01-18,push,0.21500438179371095,1,35,standard,0
M-00396,2023-01-18,email,0.12927425933665798,2,13,high_value,0
M-00351,2023-01-18,direct_mail,0.2527553252446449,3,118,at_risk,0
M-03879,2023-01-18,email,0.4586004749047173,0,61,standard,1
M-02370,2023-01-18,email,0.6403725004570147,3,39,standard,1
M-01870,2023-01-18,push,0.14303663327419844,1,82,standard,0
M-02338,2023-01-18,sms,0.7396797112388273,1,102,new,1
M-00816,2023-01-18,push,0.38030198104571816,1,26,high_value,0
M-01109,2023-01-18,push,0.08548463593126393,2,28,standard,0
M-00810,2023-01-18,email,0.2645044431898606,2,79,standard,0
M-03851,2023-01-19,push,0.5800747842720089,1,61,at_risk,1
M-01525,2023-01-19,sms,0.39479409831862283,2,79,standard,0
M-03362,2023-01-19,sms,0.1346814437294502,0,114,high_value,1
M-03012,2023-01-19,push,0.42858451392396985,0,83,standard,0
M-02779,2023-01-19,direct_mail,0.26967699610944806,1,37,high_value,1
M-03870,2023-01-19,email,0.6107928408964117,2,107,standard,1
M-01780,2023-01-19,push,0.35479848272960074,3,34,standard,0
M-01805,2023-01-19,sms,0.1260562137348803,1,91,high_value,0
M-01517,2023-01-20,email,0.04594135924425566,1,78,standard,0
M-01462,2023-01-20,email,0.5003193353390223,3,39,standard,1
M-02883,2023-01-20,sms,0.2676446349208155,1,71,standard,0
M-01269,2023-01-20,direct_mail,0.1479300433786724,1,8,high_value,0
M-01285,2023-01-20,push,0.060988598222261436,0,46,standard,1
M-02411,2023-01-20,sms,0.09086485960618507,2,25,new,0
M-00573,2023-01-20,sms,0.3147018495444985,0,109,at_risk,1
M-00583,2023-01-21,email,0.29970003305480203,0,17,standard,0
M-02971,2023-01-21,email,0.09194210690677475,0,75,standard,0
M-01463,2023-01-21,push,0.3689357865525092,4,91,standard,1
M-03463,2023-01-21,push,0.5925353433343444,2,2,standard,1
M-02277,2023-01-21,push,0.5326283845489591,0,25,at_risk,0
M-03337,2023-01-21,email,0.13725097738744998,3,5,standard,0
M-00698,2023-01-21,sms,0.18112436138148047,2,114,standard,0
M-01452,2023-01-21,push,0.5642370024556095,1,89,at_risk,1
M-02504,2023-01-21,email,0.03616487999657692,2,114,new,0
M-00847,2023-01-21,email,0.2803009010771648,2,62,standard,0
M-01641,2023-01-21,email,0.332316147898867,4,31,high_value,1
M-01975,2023-01-21,sms,0.14883937426044813,1,6,new,0
M-01652,2023-01-21,push,0.11718721950182172,3,28,standard,1
M-03616,2023-01-21,push,0.12805634562619828,2,34,high_value,0
M-00897,2023-01-22,push,0.3358111999222186,3,59,standard,1
M-01982,2023-01-22,email,0.13835708814309497,3,72,high_value,1
M-00545,2023-01-22,email,0.02254082233451465,3,25,high_value,0
M-00886,2023-01-22,sms,0.45389777929401903,3,23,standard,1
M-02617,2023-01-22,email,0.24448599021257567,4,39,standard,1
M-02313,2023-01-22,email,0.042807297920397315,1,74,standard,0
M-03799,2023-01-22,push,0.3213263938888262,0,25,standard,1
M-01978,2023-01-23,direct_mail,0.5706100154358968,1,3,at_risk,0
M-00857,2023-01-23,email,0.14586092297132802,0,79,new,0
M-02487,2023-01-23,sms,0.18756953675165633,1,93,high_value,1
M-01020,2023-01-23,direct_mail,0.29424360162069874,4,93,new,1
M-01266,2023-01-23,sms,0.04220501217882686,1,111,standard,1
M-03780,2023-01-23,direct_mail,0.04934876325118024,1,77,high_value,0
M-03356,2023-01-23,push,0.3181813509867019,2,96,standard,0
M-01800,2023-01-23,email,0.15009074211235976,0,51,high_value,0
M-01025,2023-01-23,sms,0.20310383578809116,3,72,standard,1
M-00541,2023-01-23,push,0.38043225580509826,0,70,new,0
M-03451,2023-01-23,email,0.14778064234613006,1,94,new,0
M-02656,2023-01-24,push,0.3036749655879709,3,66,standard,1
M-01135,2023-01-24,push,0.22041040216002633,1,58,standard,0
M-02787,2023-01-24,sms,0.1903061825136388,0,7,standard,0
M-02459,2023-01-24,email,0.22343200049306103,1,29,standard,1
M-03112,2023-01-24,sms,0.4305249248680271,2,117,high_value,0
M-00149,2023-01-24,sms,0.25695016486236677,1,55,standard,0
M-03508,2023-01-24,sms,0.015372481964952446,3,47,standard,0
M-03183,2023-01-24,push,0.12343263445587441,1,68,high_value,0
M-03188,2023-01-24,push,0.13383112617256587,4,80,standard,0
M-01614,2023-01-25,push,0.3037350001890127,3,111,high_value,1
M-03500,2023-01-25,email,0.22369983907143356,0,84,at_risk,1
M-01888,2023-01-25,direct_mail,0.46774841460299427,2,52,high_value,1
M-03918,2023-01-25,sms,0.21406741896170456,1,83,at_risk,0
M-01350,2023-01-25,email,0.1317426906468964,1,73,standard,0
M-02372,2023-01-25,sms,0.5233640004502754,0,23,new,0
M-01410,2023-01-25,sms,0.5235148855029523,1,40,standard,1
M-02524,2023-01-25,sms,0.2900090848344059,0,23,new,1
M-01469,2023-01-25,email,0.10844207930200198,0,13,high_value,0
M-03532,2023-01-25,sms,0.5208003443680052,1,13,high_value,1
M-02981,2023-01-25,email,0.26243848456444735,0,94,high_value,1
M-02001,2023-01-25,sms,0.40487032845202103,2,13,new,0
M-00618,2023-01-25,push,0.2206808907355486,0,51,high_value,0
M-00278,2023-01-26,sms,0.48511327930512677,0,13,standard,1
M-03797,2023-01-26,email,0.3959958649613249,0,105,standard,1
M-00035,2023-01-26,email,0.2082570876853531,1,21,standard,0
M-02887,2023-01-26,direct_mail,0.26802681269974854,2,67,at_risk,1
M-02803,2023-01-26,sms,0.23312733514402306,0,23,standard,0
M-02128,2023-01-26,email,0.46799288204758155,0,42,standard,1
M-00517,2023-01-27,sms,0.07395812247236734,1,3,high_value,0
M-02710,2023-01-27,sms,0.04015243175224375,0,106,new,0
M-02439,2023-01-27,email,0.3287920664150179,1,109,new,1
M-01361,2023-01-27,email,0.2755945352301895,0,45,standard,1
M-01455,2023-01-27,sms,0.5077073977678382,1,39,standard,1
M-01034,2023-01-27,sms,0.3305956731964709,1,78,new,1
M-03916,2023-01-27,sms,0.4505514016807388,1,80,high_value,1
M-02963,2023-01-27,push,0.15636620977292054,0,93,standard,0
M-02330,2023-01-27,sms,0.5580200795609308,1,85,at_risk,1
M-00044,2023-01-28,push,0.2802718203379147,2,22,new,1
M-03069,2023-01-28,email,0.2723472500133265,1,73,standard,0
M-02794,2023-01-28,direct_mail,0.2685862913040981,0,95,standard,1
M-01768,2023-01-28,sms,0.1028693428997993,2,72,high_value,1
M-02311,2023-01-28,email,0.06339196481536637,2,49,high_value,1
M-03560,2023-01-28,sms,0.25621326746119893,0,64,new,0
M-03154,2023-01-28,email,0.27167825948671953,4,63,standard,1
M-02231,2023-01-28,direct_mail,0.4599008294032237,0,63,new,0
M-02704,2023-01-28,email,0.23855531449644435,0,48,standard,0
M-00386,2023-01-28,email,0.30534933295205074,0,39,new,0
M-03651,2023-01-29,email,0.2695715276674051,2,79,standard,1
M-03276,2023-01-29,push,0.2693787471621945,4,49,standard,1
M-03987,2023-01-29,sms,0.14372643529995946,2,16,at_risk,0
M-03410,2023-01-29,email,0.11663624230136924,4,7,high_value,0
M-01021,2023-01-29,email,0.7279274727337194,2,109,high_value,1
M-00898,2023-01-29,direct_mail,0.36224494414215164,1,3,standard,1
M-03334,2023-01-29,email,0.2721835805372247,1,85,high_value,1
M-00658,2023-01-29,email,0.06367895796386408,4,4,standard,1
M-02590,2023-01-29,push,0.40728863818445166,0,52,new,0
M-01952,2023-01-29,sms,0.05473598925461197,2,79,high_value,1
M-03815,2023-01-29,email,0.043496058780545806,2,64,at_risk,0
M-03531,2023-01-29,push,0.4439225345115596,1,99,standard,1
M-01833,2023-01-29,direct_mail,0.24963276640369605,1,16,standard,0
M-03535,2023-01-30,push,0.5157043777142918,0,36,standard,1
M-01910,2023-01-30,sms,0.31082755444579824,0,89,standard,0
M-02024,2023-01-30,sms,0.05499954257322737,1,48,high_value,1
M-01214,2023-01-30,push,0.1762986020473837,1,27,standard,0
M-03613,2023-01-30,sms,0.40282552794820875,2,44,standard,0
M-01252,2023-01-30,email,0.26443438166241723,2,98,new,1
M-00068,2023-01-31,push,0.14429307905995137,1,81,standard,1
M-02668,2023-01-31,email,0.08197263772814178,2,40,standard,0
M-02855,2023-01-31,push,0.2854023625482065,1,82,standard,1
M-01054,2023-01-31,sms,0.5006207047650334,4,52,standard,1
M-03931,2023-01-31,email,0.21461058016865525,2,74,standard,1
M-00216,2023-02-01,email,0.12998187641051404,2,38,standard,1
M-01570,2023-02-01,email,0.08173359473497784,0,58,standard,0
M-02478,2023-02-01,email,0.41440707997734366,1,33,standard,1
M-01026,2023-02-01,direct_mail,0.17742168707035763,0,10,standard,1
M-03579,2023-02-01,sms,0.3659522982549288,1,97,standard,1
M-00126,2023-02-01,email,0.4170536745549864,1,40,standard,1
M-01587,2023-02-01,sms,0.1473731414965748,1,8,standard,0
M-03915,2023-02-01,email,0.28019735517191025,2,89,high_value,0
M-03758,2023-02-02,sms,0.35373514784590204,1,38,standard,0
M-03133,2023-02-02,sms,0.5314093068599576,0,97,standard,1
M-02751,2023-02-02,push,0.28857049284138314,0,49,standard,0
M-01095,2023-02-02,push,0.05597600425839914,0,1,standard,1
M-01850,2023-02-02,sms,0.25517767663050234,1,34,new,1
M-01360,2023-02-02,direct_mail,0.6066298001609597,1,19,standard,0
M-00438,2023-02-02,email,0.36810776559971226,0,101,standard,1
M-00430,2023-02-03,direct_mail,0.3992984099604405,0,116,standard,1
M-01121,2023-02-03,email,0.2466396899430787,1,32,standard,0
M-03886,2023-02-03,direct_mail,0.45137288622878347,1,105,at_risk,1
M-00279,2023-02-03,sms,0.037388310420621684,0,104,new,1
M-01327,2023-02-03,sms,0.2727166141635703,1,10,standard,0
M-00245,2023-02-03,email,0.48934421929067307,0,111,new,1
M-00677,2023-02-03,push,0.27269932909063416,3,73,high_value,0
M-01255,2023-02-03,push,0.5566208702969193,1,104,standard,0
M-02634,2023-02-03,push,0.32367073135191493,1,25,high_value,1
M-03638,2023-02-03,push,0.13686602023857267,2,105,standard,0
M-00006,2023-02-04,sms,0.4008812319407861,1,86,standard,0
M-03542,2023-02-04,email,0.10625430164987677,4,48,high_value,0
M-03619,2023-02-04,sms,0.21013687156652625,3,55,standard,0
M-00880,2023-02-04,push,0.18531866095785812,1,102,standard,0
M-02864,2023-02-04,push,0.1844177212083073,0,67,standard,0
M-03280,2023-02-04,sms,0.4025826053128114,2,77,standard,1
M-03320,2023-02-04,sms,0.06766716696449279,3,7,standard,1
M-02528,2023-02-04,email,0.02479567500490236,2,42,new,0
M-02365,2023-02-04,email,0.17419915244869483,0,95,new,0
M-00752,2023-02-04,email,0.37243554546813606,0,72,new,1
M-02316,2023-02-04,sms,0.25745245553244844,0,26,new,1
M-02853,2023-02-05,email,0.09159116969506478,2,106,new,1
M-01542,2023-02-05,direct_mail,0.23591522033677492,1,25,standard,0
M-01720,2023-02-05,sms,0.755812198771237,3,69,at_risk,1
M-00727,2023-02-05,email,0.05133566785256825,1,55,standard,0
M-01530,2023-02-05,email,0.05688000040341697,2,108,at_risk,0
M-01808,2023-02-05,push,0.1815549304329935,3,38,standard,0
M-01930,2023-02-05,email,0.337353836323143,1,62,standard,1
M-00000,2023-02-05,sms,0.20824653001856433,1,29,new,1
M-03981,2023-02-05,email,0.5379124978304505,0,12,high_value,1
M-03247,2023-02-05,email,0.16968986046433737,0,113,standard,0
M-03534,2023-02-05,push,0.540771632585474,2,9,standard,1
M-00195,2023-02-05,push,0.5975430297910329,3,69,standard,1
M-02911,2023-02-06,push,0.12659903072608822,1,36,standard,0
M-00909,2023-02-06,push,0.19559954318434625,0,39,standard,1
M-00032,2023-02-06,email,0.07377990566733635,2,19,new,1
M-00825,2023-02-06,push,0.4314688799679405,0,25,high_value,1
M-00358,2023-02-06,direct_mail,0.16650136031077942,2,46,standard,1
M-00171,2023-02-06,push,0.2879054378265683,4,8,standard,1
M-03527,2023-02-06,push,0.09912326733633839,1,13,standard,1
M-02032,2023-02-06,sms,0.2634275447984425,2,64,standard,0
M-02081,2023-02-06,sms,0.2800405738981606,2,7,new,0
M-00694,2023-02-06,sms,0.3285257313076708,1,19,new,1
M-00132,2023-02-06,push,0.31182146239156194,0,59,at_risk,0
M-01632,2023-02-06,sms,0.1427963533264907,0,23,high_value,1
M-00009,2023-02-07,email,0.2590492560428457,3,21,standard,0
M-02339,2023-02-07,email,0.4478501561025733,1,56,high_value,1
M-02815,2023-02-07,push,0.38734048871242943,0,73,standard,0
M-02593,2023-02-07,email,0.5172299695983428,1,119,at_risk,1
M-00580,2023-02-07,email,0.43255229555479274,3,31,standard,1
M-01689,2023-02-07,email,0.23929477634621965,0,76,new,0
M-00242,2023-02-07,sms,0.1598899301665868,2,12,standard,0
M-00375,2023-02-07,push,0.43256524539044344,1,27,standard,1
M-00950,2023-02-07,sms,0.22790327069427474,1,96,at_risk,0
M-03413,2023-02-07,sms,0.07778457974051652,0,7,at_risk,0
M-01841,2023-02-08,email,0.12567216643161522,2,7,new,0
M-02452,2023-02-08,email,0.17463163905941742,0,103,standard,1
M-00217,2023-02-08,email,0.5097282352951064,4,64,at_risk,1
M-03418,2023-02-08,push,0.05233894735390443,3,33,standard,0
M-00976,2023-02-08,push,0.1085843377468173,2,56,standard,1
M-02305,2023-02-08,direct_mail,0.13278384234170149,2,81,new,0
M-03671,2023-02-08,email,0.10880762827607744,1,17,standard,0
M-02741,2023-02-08,email,0.16038092280716015,0,42,standard,0
M-00673,2023-02-08,push,0.2007513032720592,0,34,at_risk,0
M-02265,2023-02-08,direct_mail,0.16428678979283332,2,1,standard,0
M-00699,2023-02-08,direct_mail,0.0866338880377556,2,64,standard,0
M-00790,2023-02-08,sms,0.42130844945745566,2,74,standard,0
M-03974,2023-02-08,sms,0.2580822991065159,2,81,at_risk,0
M-00086,2023-02-08,push,0.3713084087408162,2,87,standard,1
M-02956,2023-02-09,email,0.25002190814403163,0,77,standard,0
M-03283,2023-02-09,sms,0.44613405897756003,0,74,standard,1
M-01787,2023-02-09,sms,0.5748492044415168,0,86,standard,0
M-01737,2023-02-09,email,0.19868865863755486,1,45,at_risk,0
M-03342,2023-02-09,push,0.5909308987147817,0,30,standard,0
M-02501,2023-02-09,sms,0.3604308653273743,1,39,standard,1
M-00587,2023-02-09,email,0.30853011055227364,2,72,new,1
M-02471,2023-02-09,sms,0.5472173189803089,0,30,at_risk,1
M-03034,2023-02-09,sms,0.47589569235351364,1,29,standard,0
M-02320,2023-02-09,email,0.09772318268500604,0,92,standard,1
M-00890,2023-02-09,sms,0.520366853660453,2,73,at_risk,1
M-03958,2023-02-09,email,0.20690350615088623,1,63,standard,0
M-01435,2023-02-10,email,0.3159842234014885,0,40,standard,0
M-01288,2023-02-10,push,0.3025375980986328,1,20,standard,0
M-01879,2023-02-10,email,0.21653773075981836,0,112,at_risk,0
M-02681,2023-02-10,email,0.06619100439670796,0,51,standard,0
M-00579,2023-02-10,push,0.12697992781805995,1,74,standard,0
M-01358,2023-02-11,email,0.31989679010542976,0,51,standard,1
M-03806,2023-02-11,email,0.2891461986813991,1,59,high_value,1
M-02474,2023-02-11,email,0.40018529276753484,1,81,new,0
M-02622,2023-02-11,sms,0.4367366523052197,1,13,standard,0
M-00257,2023-02-11,direct_mail,0.3588261792193613,1,19,at_risk,0
M-03871,2023-02-11,email,0.394313386661921,1,110,high_value,1
M-02614,2023-02-11,sms,0.46060272630464016,0,106,at_risk,1
M-01449,2023-02-11,email,0.10997326792476274,0,67,standard,1
M-01165,2023-02-11,email,0.15004485715618757,2,85,standard,1
M-02555,2023-02-11,push,0.08848799223602144,0,91,standard,1
M-03496,2023-02-11,email,0.5494748960160942,2,51,standard,1
M-03782,2023-02-11,push,0.24303506583623835,1,104,new,1
M-02422,2023-02-11,sms,0.17515669625196945,1,111,standard,0
M-02514,2023-02-11,direct_mail,0.08953250121148748,0,72,at_risk,0
M-01729,2023-02-11,push,0.1496338168956073,0,59,standard,1
M-03852,2023-02-11,push,0.3130167329789508,2,112,at_risk,1
M-00170,2023-02-12,push,0.3499528938002134,1,106,high_value,1
M-01226,2023-02-12,email,0.2732427727121851,1,60,standard,1
M-00582,2023-02-12,email,0.27630375255798767,1,12,standard,0
M-02176,2023-02-12,push,0.20290691602123334,2,101,standard,0
M-00515,2023-02-12,sms,0.18305382661385278,2,82,standard,0
M-02503,2023-02-12,push,0.28522550660632956,0,58,standard,1
M-03352,2023-02-12,email,0.1063972488545944,0,24,standard,0
M-01826,2023-02-12,email,0.5513359506408874,1,75,high_value,1
M-02945,2023-02-12,email,0.16234919219463478,2,45,high_value,1
M-00459,2023-02-12,email,0.3317653121571396,0,21,standard,0
M-02264,2023-02-12,push,0.10982237665318578,1,25,high_value,1
M-00817,2023-02-12,sms,0.03392351769310721,4,71,at_risk,0
M-03686,2023-02-12,sms,0.2718294165961068,3,47,standard,1
M-01854,2023-02-12,push,0.10718207884031851,2,84,high_value,0
M-01271,2023-02-13,sms,0.5409321130872642,0,22,standard,1
M-03076,2023-02-13,email,0.32528936838010036,1,41,standard,1
M-00309,2023-02-13,email,0.27016215700040347,0,105,new,1
M-03726,2023-02-13,email,0.28187680729427733,5,40,standard,1
M-03490,2023-02-13,push,0.2882231467260357,1,19,standard,1
M-03149,2023-02-13,email,0.2862281732536713,0,54,high_value,0
M-00321,2023-02-13,push,0.27130127822489036,1,100,at_risk,0
M-00479,2023-02-13,sms,0.19818434827239964,0,87,at_risk,1
M-01815,2023-02-14,email,0.17659177096567674,2,18,standard,1
M-01537,2023-02-14,push,0.08509023599469029,2,5,new,0
M-02910,2023-02-14,email,0.13222162081554603,1,114,standard,1
M-00807,2023-02-14,push,0.2227059817825179,5,96,high_value,1
M-01866,2023-02-14,sms,0.1795316268292681,0,38,standard,0
M-02243,2023-02-14,direct_mail,0.23132182100690504,1,28,standard,0
M-03033,2023-02-14,sms,0.7967371234477475,0,66,at_risk,0
M-01483,2023-02-14,push,0.4537991509394592,2,8,standard,1
M-03590,2023-02-14,email,0.43766116960187007,1,81,standard,1
M-01488,2023-02-14,push,0.13241331842034687,3,69,standard,1
M-03790,2023-02-14,email,0.11084606253470886,0,97,standard,1
M-01465,2023-02-14,direct_mail,0.2741064077823934,3,12,standard,0
M-02722,2023-02-15,sms,0.25824912584746174,3,19,high_value,0
M-01320,2023-02-15,sms,0.37267481853518775,1,67,standard,1
M-01578,2023-02-15,email,0.33082565651094975,2,118,new,1
M-00500,2023-02-15,email,0.16527272514934366,2,10,standard,1
M-02852,2023-02-15,push,0.5638655359195174,1,95,at_risk,1
M-01215,2023-02-15,direct_mail,0.11326527134078569,0,72,standard,0
M-03026,2023-02-15,email,0.08893897194076761,0,93,at_risk,0
M-00119,2023-02-15,email,0.3802453307196963,0,24,new,0
M-00872,2023-02-15,sms,0.31292084474048254,0,98,standard,1
M-02214,2023-02-16,push,0.2745828176394169,1,39,at_risk,0
M-02505,2023-02-16,email,0.1165728343045056,1,113,new,0
M-02680,2023-02-16,sms,0.16406617764524173,3,40,new,0
M-00364,2023-02-16,sms,0.4086047981952608,0,24,new,1
M-00725,2023-02-16,direct_mail,0.5863627422165846,1,20,at_risk,1
M-02213,2023-02-16,email,0.43987994550160875,2,28,high_value,1
M-00537,2023-02-16,email,0.09857516079896828,3,49,new,0
M-01019,2023-02-16,push,0.5154300262618537,2,37,new,1
M-00312,2023-02-17,push,0.18862027941691667,0,72,standard,0
M-01049,2023-02-17,sms,0.2748715025122262,0,21,at_risk,1
M-00496,2023-02-17,push,0.1648588595425525,2,36,standard,0
M-02785,2023-02-17,push,0.5233982121149523,1,22,new,1
M-01342,2023-02-17,push,0.22647685679201102,1,114,at_risk,1
M-02268,2023-02-17,direct_mail,0.31409733832689535,1,58,standard,0
M-03304,2023-02-17,email,0.29715363007779905,1,91,standard,0
M-00945,2023-02-17,push,0.01715243672995383,2,22,standard,0
M-00777,2023-02-17,sms,0.14664217018028275,1,16,new,1
M-00723,2023-02-17,email,0.18933186383172154,4,82,standard,1
M-02363,2023-02-17,email,0.2343335507246169,1,33,new,1
M-03369,2023-02-17,push,0.26404830072682994,2,30,standard,1
M-01945,2023-02-17,sms,0.4203275211766985,1,31,high_value,1
M-00197,2023-02-17,email,0.4229344576652335,1,87,standard,0
M-03160,2023-02-17,direct_mail,0.34068314385126897,1,111,new,1
M-02699,2023-02-17,email,0.3250126726801347,3,106,at_risk,1
M-02509,2023-02-18,sms,0.15316765233016627,2,95,high_value,0
M-03529,2023-02-18,sms,0.14752910395837346,0,3,standard,0
M-01618,2023-02-18,push,0.5351648370365738,1,84,new,1
M-01875,2023-02-18,push,0.07945789905146355,2,39,new,0
M-01156,2023-02-18,email,0.3014738599834808,0,47,high_value,0
M-00862,2023-02-18,email,0.06275481434976594,1,38,new,0
M-00783,2023-02-18,push,0.24068834963443597,2,12,standard,1
M-00417,2023-02-18,sms,0.2529554795004154,0,55,standard,0
M-03650,2023-02-18,email,0.32517908986410043,0,16,standard,1
M-03348,2023-02-18,push,0.08496549585195826,0,80,new,1
M-01237,2023-02-19,push,0.12159975077563392,1,65,at_risk,1
M-00385,2023-02-19,email,0.18164736838228268,0,56,high_value,1
M-00435,2023-02-19,push,0.19323605400053007,1,69,standard,0
M-03498,2023-02-19,push,0.2463963824257993,1,2,new,0
M-00782,2023-02-19,email,0.22005354461984536,0,57,high_value,1
M-00873,2023-02-19,sms,0.26743328539670647,0,99,at_risk,1
M-03972,2023-02-19,sms,0.5173097910432838,1,86,high_value,1
M-01604,2023-02-19,email,0.13482852582381288,1,95,high_value,0
M-02922,2023-02-19,push,0.22420128589997337,0,52,new,0
M-01609,2023-02-20,push,0.26895087254318784,0,60,high_value,1
M-03063,2023-02-20,push,0.3676819933132753,0,78,new,0
M-02818,2023-02-20,push,0.09102700194312108,1,56,at_risk,0
M-01629,2023-02-20,sms,0.28459195407091203,1,107,standard,1
M-03773,2023-02-20,email,0.710738128760125,3,116,standard,1
M-02079,2023-02-20,email,0.1782024913279482,1,89,standard,1
M-01927,2023-02-20,email,0.25193284659331106,0,25,high_value,0
M-00156,2023-02-20,sms,0.2819756102955817,1,65,high_value,0
M-02822,2023-02-20,email,0.19765671934395637,0,62,standard,0
M-03820,2023-02-20,email,0.1315006400128912,1,26,standard,0
M-02829,2023-02-20,direct_mail,0.2868153649148439,1,16,standard,1
M-00220,2023-02-21,email,0.3536633278486492,0,64,new,0
M-02698,2023-02-21,direct_mail,0.26245831866065533,2,93,standard,0
M-02908,2023-02-21,email,0.15191104507981146,0,3,new,1
M-01004,2023-02-21,sms,0.2435550459647796,1,40,standard,1
M-00073,2023-02-21,email,0.2706045883151198,2,90,standard,1
M-03512,2023-02-21,push,0.21250728842777003,1,117,high_value,1
M-02005,2023-02-21,push,0.1779734521562002,1,110,standard,1
M-00017,2023-02-21,push,0.42278769729005133,1,119,standard,1
M-00704,2023-02-21,sms,0.06991164377257506,1,50,standard,0
M-02696,2023-02-21,sms,0.0402490778893544,1,68,at_risk,1
M-03164,2023-02-21,email,0.13142730316743587,1,92,at_risk,0
M-02549,2023-02-21,sms,0.11971474352805113,2,9,at_risk,0
M-00944,2023-02-21,push,0.03672441287538968,3,24,high_value,0
M-01804,2023-02-21,email,0.6069404578920043,1,48,standard,0
M-03347,2023-02-21,email,0.37189418771537475,0,1,standard,1
M-02103,2023-02-21,direct_mail,0.05973515670197355,0,55,standard,0
M-00758,2023-02-21,email,0.37668021049653627,0,92,at_risk,0
M-03944,2023-02-22,sms,0.12974260779756652,2,36,standard,1
M-01775,2023-02-22,push,0.620852207120684,3,47,standard,1
M-01925,2023-02-22,sms,0.6530340237718656,1,63,new,1
M-03101,2023-02-22,direct_mail,0.06705244435617377,0,55,standard,0
M-00442,2023-02-22,push,0.2400491681024439,1,20,high_value,1
M-00433,2023-02-22,sms,0.13093234748941113,3,70,standard,1
M-00669,2023-02-22,push,0.24390260094330238,0,82,at_risk,0
M-03021,2023-02-22,direct_mail,0.13164111102898696,0,92,standard,1
M-01644,2023-02-22,email,0.13490366539620294,1,119,standard,1
M-03286,2023-02-22,push,0.16225108655578888,2,57,standard,1
M-02084,2023-02-22,email,0.08994199982567165,0,116,standard,1
M-02430,2023-02-22,push,0.21035004396584944,1,29,new,0
M-00413,2023-02-22,sms,0.2136583905901419,0,48,standard,0
M-00947,2023-02-23,direct_mail,0.0386633500903585,1,47,new,0
M-00603,2023-02-23,push,0.5938606372233077,0,89,new,1
M-01894,2023-02-23,sms,0.13013303232348913,3,33,new,1
M-02760,2023-02-23,email,0.29905306894469086,1,73,at_risk,0
M-03537,2023-02-23,email,0.3389921038229554,2,55,high_value,1
M-01357,2023-02-23,sms,0.2591856498359095,4,70,at_risk,1
M-03526,2023-02-23,sms,0.30078886754808437,0,114,standard,1
M-02479,2023-02-23,email,0.23210462811914256,0,75,high_value,0
M-02206,2023-02-23,email,0.15204238409340154,2,103,standard,1
M-03268,2023-02-23,push,0.10812611089468571,1,96,standard,1
M-00681,2023-02-24,email,0.4310671655368847,1,49,new,1
M-02726,2023-02-24,email,0.014439087411094462,0,25,standard,0
M-03605,2023-02-24,email,0.5217179334202571,2,106,standard,1
M-03307,2023-02-24,email,0.3274833519324436,2,54,standard,1
M-02377,2023-02-24,email,0.18683375461385002,2,13,standard,0
M-01818,2023-02-24,email,0.2833313738688373,3,115,at_risk,1
M-00822,2023-02-24,email,0.12080299574317441,1,112,high_value,1
M-01341,2023-02-24,email,0.5265805398767786,3,76,new,1
M-00619,2023-02-25,direct_mail,0.5068968230114718,2,10,standard,1
M-01444,2023-02-25,email,0.3065987361084657,2,23,high_value,1
M-01527,2023-02-25,sms,0.2557212341709215,1,84,new,0
M-02735,2023-02-25,sms,0.2631882805314802,0,76,new,0
M-01835,2023-02-25,push,0.1661926161493903,3,38,high_value,1
M-00720,2023-02-25,push,0.23886630540091314,1,113,new,0
M-00117,2023-02-25,direct_mail,0.13819524978243888,4,52,high_value,0
M-03888,2023-02-25,sms,0.27043271823463133,1,100,standard,1
M-02107,2023-02-25,push,0.258851917562462,2,104,at_risk,1
M-02209,2023-02-25,email,0.19900132555012287,3,115,standard,1
M-00768,2023-02-25,sms,0.4669461995109027,1,117,standard,0
M-00099,2023-02-25,email,0.5396547124540493,4,24,standard,1
M-02233,2023-02-25,push,0.3494761854049412,1,81,standard,1
M-00328,2023-02-26,email,0.247179021520738,3,31,new,0
M-01089,2023-02-26,push,0.34164940882835537,1,7,standard,0
M-03513,2023-02-26,email,0.2444769409694838,2,51,standard,0
M-01186,2023-02-26,push,0.15355653450731252,2,103,standard,0
M-03248,2023-02-26,direct_mail,0.2621070303175321,0,42,standard,0
M-03203,2023-02-26,email,0.2842419631348092,0,73,standard,0
M-03992,2023-02-26,email,0.45027884459241035,0,28,new,0
M-03834,2023-02-26,email,0.6846070871962361,0,93,standard,1
M-00305,2023-02-26,sms,0.060227777016006144,1,53,at_risk,1
M-00240,2023-02-26,sms,0.3666747390778982,3,81,high_value,1
M-00461,2023-02-26,email,0.2516193933947072,0,94,new,1
M-01962,2023-02-27,email,0.08928658229878327,2,103,standard,1
M-00255,2023-02-27,push,0.2673730056970982,1,18,new,1
M-02518,2023-02-27,email,0.2305153677928528,1,88,standard,1
M-01062,2023-02-27,email,0.2911260318858003,0,21,new,0
M-00407,2023-02-27,email,0.11374515495642042,0,33,high_value,1
M-03670,2023-02-27,sms,0.18722704350883654,0,92,new,0
M-00527,2023-02-27,email,0.3515977059044123,0,74,high_value,1
M-02301,2023-02-27,sms,0.17036800329509444,1,58,standard,1
M-01611,2023-02-27,push,0.4770538082529993,0,104,standard,1
M-00833,2023-02-27,sms,0.4172286247606239,1,58,standard,1
M-00923,2023-02-28,sms,0.2653096796889775,5,93,at_risk,0
M-03057,2023-02-28,push,0.1898832337954174,0,46,new,1
M-02329,2023-02-28,direct_mail,0.20820996554481264,0,83,standard,1
M-00521,2023-02-28,sms,0.35692745959170696,0,35,new,1
M-01934,2023-02-28,sms,0.26210853596758016,0,102,new,0
M-01574,2023-03-01,sms,0.253179560058904,3,101,high_value,1
M-02890,2023-03-01,email,0.41223225617662823,0,1,standard,1
M-02662,2023-03-01,email,0.45120223306113016,4,5,new,1
M-02888,2023-03-01,email,0.21944689194334735,0,93,standard,1
M-00974,2023-03-01,sms,0.35052578309385746,1,112,standard,0
M-03068,2023-03-01,sms,0.1657667815926979,4,81,at_risk,1
M-01606,2023-03-01,sms,0.2544382886290111,2,77,standard,0
M-00456,2023-03-01,email,0.11662809906980227,1,75,at_risk,0
M-00937,2023-03-01,direct_mail,0.19566529046350273,0,19,at_risk,1
M-00751,2023-03-01,email,0.4334908934707098,1,114,new,0
M-02062,2023-03-01,email,0.26889056533399747,1,76,high_value,1
M-01697,2023-03-01,email,0.19851693871059126,1,56,new,0
M-01676,2023-03-01,sms,0.19022177500194581,4,13,standard,0
M-03829,2023-03-02,email,0.3369100728579122,2,39,at_risk,0
M-01523,2023-03-02,direct_mail,0.10721331900677585,0,117,standard,0
M-02638,2023-03-02,email,0.6224811089405407,1,11,standard,1
M-00356,2023-03-02,email,0.5475617438071155,1,52,standard,1
M-02007,2023-03-02,push,0.2371026404762218,0,26,at_risk,1
M-00272,2023-03-02,email,0.5930215390601925,2,103,high_value,1
M-00181,2023-03-02,push,0.30807839685574206,1,117,new,1
M-03979,2023-03-02,push,0.21313363369199056,0,46,standard,0
M-01103,2023-03-02,sms,0.06939260134996911,1,103,standard,1
M-01480,2023-03-02,email,0.4127975267334736,0,21,new,0
M-01969,2023-03-03,direct_mail,0.1773082490307237,3,116,standard,1
M-01536,2023-03-03,email,0.1779543838135761,2,114,new,1
M-02012,2023-03-03,sms,0.22775990873297702,1,95,standard,1
M-00960,2023-03-03,email,0.48714151548778,5,31,standard,1
M-02307,2023-03-03,email,0.1362507189160158,1,30,standard,0
M-02221,2023-03-03,sms,0.259157096668327,2,89,high_value,1
M-03567,2023-03-03,email,0.25920088618084436,1,118,new,1
M-01228,2023-03-03,sms,0.4549597583539002,1,91,high_value,1
M-00535,2023-03-03,direct_mail,0.010142740231782707,0,29,at_risk,0
M-00389,2023-03-03,sms,0.33001184959157853,0,17,at_risk,0
M-00057,2023-03-03,email,0.47661273328581516,2,64,standard,0
M-03685,2023-03-03,direct_mail,0.4692943070293154,0,29,high_value,0
M-03700,2023-03-03,direct_mail,0.35862434218901906,3,51,standard,1
M-03927,2023-03-03,push,0.06870425525610536,0,1,standard,1
M-02885,2023-03-03,email,0.4218756906138857,1,55,new,1
M-01045,2023-03-03,sms,0.5068537372693329,0,37,at_risk,0
M-03037,2023-03-03,push,0.0472487238571763,1,12,standard,0
M-02248,2023-03-04,email,0.41378495693674094,1,68,high_value,0
M-01405,2023-03-04,push,0.285099793684267,1,16,standard,0
M-00532,2023-03-04,email,0.29433028139675144,1,74,new,1
M-03252,2023-03-04,email,0.13212983264185654,1,84,new,0
M-00846,2023-03-04,email,0.3517355343872916,0,32,standard,0
M-01946,2023-03-04,sms,0.34280410347808044,3,57,standard,0
M-03602,2023-03-04,push,0.28893881839016233,1,77,standard,1
M-00883,2023-03-04,direct_mail,0.20275905361659477,0,115,high_value,1
M-02791,2023-03-04,push,0.7242763489663678,2,21,standard,1
M-01654,2023-03-04,email,0.13456838299321458,0,81,standard,1
M-03706,2023-03-04,push,0.5079351014238557,1,106,at_risk,1
M-03402,2023-03-04,push,0.12181414899314409,2,119,high_value,1
M-03807,2023-03-04,sms,0.02211090229788811,2,106,at_risk,1
M-02426,2023-03-05,email,0.611355700693896,1,82,new,1
M-03350,2023-03-05,email,0.32036529058396157,3,89,standard,1
M-00936,2023-03-05,email,0.33821554578441915,2,29,standard,0
M-00749,2023-03-05,push,0.44385129253486444,0,49,new,1
M-02867,2023-03-05,push,0.3668148058396769,0,64,high_value,1
M-03884,2023-03-06,sms,0.2267935691707656,2,77,new,0
M-01907,2023-03-06,email,0.35221925037895824,2,79,new,1
M-01694,2023-03-06,direct_mail,0.41319619614439596,1,36,standard,0
M-01853,2023-03-06,push,0.4552900684957849,1,65,standard,0
M-00177,2023-03-06,email,0.10096488212591193,0,101,standard,0
M-03364,2023-03-06,email,0.07577157430826721,3,7,standard,0
M-02094,2023-03-06,sms,0.6202782539966126,0,40,at_risk,0
M-02432,2023-03-06,email,0.16140498843957166,0,13,standard,1
M-03326,2023-03-06,sms,0.37384370501847625,1,12,standard,0
M-02932,2023-03-06,email,0.2202337103291233,1,71,high_value,1
M-00286,2023-03-06,email,0.25814662229954777,2,57,new,0
M-02368,2023-03-06,email,0.33512560068799757,0,76,standard,1
M-03321,2023-03-06,push,0.2446265456909894,2,34,standard,0
M-02659,2023-03-06,email,0.020441640372939888,2,84,at_risk,1
M-03162,2023-03-06,sms,0.33170939229023527,3,76,standard,1
M-00082,2023-03-06,sms,0.2291930313814119,0,69,high_value,0
M-01935,2023-03-07,email,0.41653601967474546,0,74,at_risk,0
M-01777,2023-03-07,push,0.27500585982478304,1,4,high_value,1
M-01486,2023-03-07,email,0.1856058121071143,2,91,new,1
M-01555,2023-03-07,email,0.3051235376385552,2,105,high_value,0
M-01075,2023-03-07,email,0.4323047204188884,1,40,high_value,1
M-03270,2023-03-07,sms,0.038433720861190936,0,95,standard,0
M-00349,2023-03-07,sms,0.005733078329736931,3,69,standard,1
M-02719,2023-03-07,email,0.2044756285352785,2,50,standard,1
M-01940,2023-03-07,email,0.27246195326918504,2,59,new,1
M-00040,2023-03-08,sms,0.25362018350160304,3,76,high_value,1
M-00531,2023-03-08,sms,0.6757805322497271,0,111,new,1
M-00466,2023-03-08,email,0.3684974516119727,3,31,standard,1
M-01636,2023-03-08,email,0.12353064492166498,0,105,high_value,0
M-01849,2023-03-08,email,0.4788729104240685,3,30,standard,1
M-00186,2023-03-08,email,0.6407016515794574,2,31,standard,1
M-01077,2023-03-08,push,0.21184985038128978,2,107,at_risk,1
M-02296,2023-03-08,sms,0.04624985879413993,3,35,standard,0
M-01595,2023-03-08,push,0.4826716450748151,0,60,standard,1
M-00167,2023-03-08,direct_mail,0.361835000098504,0,1,standard,0
M-03689,2023-03-08,direct_mail,0.3302806223742499,1,115,standard,1
M-02595,2023-03-08,sms,0.16425813498514458,1,37,standard,1
M-00622,2023-03-08,email,0.28743228154119294,0,26,standard,1
M-03516,2023-03-09,email,0.21013250492589297,3,106,new,1
M-00684,2023-03-09,email,0.160062290195546,3,117,standard,1
M-03561,2023-03-09,push,0.43648845742839304,2,107,standard,1
M-03523,2023-03-09,sms,0.2385041712745012,0,62,high_value,1
M-00702,2023-03-09,email,0.263045274515234,4,6,standard,1
M-02939,2023-03-09,sms,0.13301000448451386,0,13,new,0
M-03558,2023-03-09,push,0.3341934755524544,1,30,standard,0
M-02199,2023-03-09,sms,0.36645039275410773,2,92,high_value,0
M-02327,2023-03-09,email,0.39513276075867887,0,56,new,0
M-03179,2023-03-09,email,0.05739183229994791,2,19,standard,0
M-03048,2023-03-09,push,0.300636611623187,3,94,at_risk,0
M-00703,2023-03-10,push,0.5696249460238825,1,97,standard,1
M-00261,2023-03-10,push,0.08800745960478155,0,88,standard,0
M-01192,2023-03-10,sms,0.43400559391758076,3,77,standard,1
M-02449,2023-03-10,sms,0.06866539687026318,0,66,high_value,1
M-02050,2023-03-10,email,0.3728935971829428,1,97,standard,1
M-02804,2023-03-10,email,0.5103502696833694,3,22,standard,1
M-02102,2023-03-10,push,0.6017031392303573,0,23,standard,0
M-01432,2023-03-10,push,0.28623477148662246,0,90,standard,0
M-02533,2023-03-10,sms,0.11934410372823907,1,61,standard,0
M-02930,2023-03-11,push,0.18808117131422317,2,17,standard,0
M-03096,2023-03-11,email,0.45685835621397203,3,15,standard,1
M-03949,2023-03-11,push,0.08065226515414647,0,70,new,0
M-03288,2023-03-11,email,0.20603285771512703,2,50,standard,1
M-00543,2023-03-11,push,0.133912410257092,1,45,standard,1
M-01615,2023-03-11,direct_mail,0.1542904964019108,1,18,at_risk,1
M-00410,2023-03-11,sms,0.3958714782035534,0,55,at_risk,0
M-03760,2023-03-11,email,0.2045201122386567,1,39,standard,1
M-03256,2023-03-11,email,0.224610254639932,0,24,new,0
M-00907,2023-03-11,email,0.12531999465857194,3,112,new,1
M-01031,2023-03-11,direct_mail,0.656460370922434,1,89,standard,1
M-02247,2023-03-12,direct_mail,0.29125911143847977,0,41,standard,0
M-02477,2023-03-12,sms,0.2591264671184867,2,3,at_risk,0
M-02369,2023-03-12,push,0.22076249137122889,0,117,high_value,0
M-02367,2023-03-12,email,0.21583383033119513,1,108,standard,1
M-03791,2023-03-12,push,0.3623977192063397,3,108,at_risk,1
M-03887,2023-03-12,push,0.26601339198422824,4,107,high_value,1
M-03051,2023-03-12,sms,0.3431345247528067,0,27,at_risk,1
M-01404,2023-03-12,email,0.6433121964147723,2,75,standard,1
M-00660,2023-03-12,email,0.24272045955797059,2,5,standard,1
M-03786,2023-03-12,push,0.12870624295184394,2,73,high_value,0
M-03195,2023-03-12,direct_mail,0.530390526833083,1,45,at_risk,1
M-00760,2023-03-12,sms,0.36554364487275687,1,65,new,1
M-03087,2023-03-12,push,0.10873776180309823,1,19,new,0
M-00258,2023-03-12,push,0.28514408158727717,0,9,standard,0
M-02031,2023-03-12,email,0.2598963068037861,4,73,standard,1
M-00229,2023-03-12,email,0.16034347011566155,1,61,high_value,1
M-02146,2023-03-12,email,0.35151253036250424,1,113,standard,1
M-02380,2023-03-13,email,0.46503376944092256,2,50,standard,1
M-00391,2023-03-13,push,0.11745895599922887,0,23,new,0
M-03823,2023-03-13,push,0.34988907399203406,1,33,standard,1
M-01885,2023-03-13,email,0.6120273290881079,1,55,standard,1
M-01882,2023-03-13,push,0.08129834340198362,1,53,standard,0
M-03878,2023-03-13,email,0.050001448056246824,2,93,new,0
M-01173,2023-03-13,email,0.12457263322431303,1,79,high_value,1
M-01701,2023-03-13,email,0.19074957958120312,0,64,high_value,0
M-00250,2023-03-13,sms,0.0864014064370196,1,104,standard,1
M-02274,2023-03-13,email,0.0876962741618575,1,76,standard,1
M-03667,2023-03-14,direct_mail,0.45022726569432553,2,19,high_value,0
M-02482,2023-03-14,sms,0.14323452203907897,0,117,new,0
M-00348,2023-03-14,email,0.42012931305738005,2,117,new,1
M-00468,2023-03-14,email,0.4151718054271485,2,45,new,1
M-00563,2023-03-14,push,0.284932302792806,2,110,high_value,1
M-01638,2023-03-14,sms,0.33279203587484785,1,102,high_value,1
M-02612,2023-03-14,email,0.3037794467992804,1,118,new,1
M-01105,2023-03-14,push,0.22757872175049712,1,113,new,0
M-03086,2023-03-14,push,0.39814175938180424,2,108,new,1
M-03098,2023-03-15,sms,0.1262591929024317,0,101,high_value,0
M-00911,2023-03-15,email,0.3534949547731193,0,21,standard,1
M-02925,2023-03-15,push,0.24152976441601995,1,46,standard,0
M-01928,2023-03-15,email,0.16958111382952662,1,35,at_risk,0
M-02384,2023-03-15,sms,0.28374948092671026,0,112,high_value,1
M-00022,2023-03-15,push,0.23351264820788276,1,17,standard,0
M-00634,2023-03-15,push,0.03832161316719323,1,116,standard,1
M-03934,2023-03-15,email,0.28693112152606104,2,70,standard,1
M-01662,2023-03-16,direct_mail,0.23853933327049837,3,38,high_value,1
M-03528,2023-03-16,sms,0.46008819277375357,2,78,standard,1
M-01959,2023-03-16,direct_mail,0.13025632589507186,1,4,high_value,0
M-02928,2023-03-16,sms,0.5928979143451236,1,20,standard,1
M-03289,2023-03-16,direct_mail,0.012455311619018587,4,11,standard,0
M-01344,2023-03-16,push,0.1932837798020713,2,65,standard,1
M-03358,2023-03-16,direct_mail,0.42169166467247576,1,67,standard,0
M-01431,2023-03-16,push,0.18458918786818806,1,44,high_value,1
M-02740,2023-03-16,push,0.30059418646739244,1,13,high_value,1
M-01797,2023-03-16,push,0.3078005177914541,1,16,standard,0
M-01890,2023-03-16,direct_mail,0.019748985338690295,4,57,standard,1
M-02070,2023-03-17,push,0.3761966184741876,0,11,at_risk,0
M-00071,2023-03-17,email,0.5421558478184566,2,114,new,1
M-01533,2023-03-17,email,0.15212017082323265,0,63,standard,1
M-00252,2023-03-17,email,0.4485997545572932,0,116,standard,0
M-02809,2023-03-17,email,0.09806649600430303,0,31,at_risk,1
M-02673,2023-03-17,sms,0.41247971088191066,0,58,at_risk,0
M-02737,2023-03-17,push,0.4393692260944977,0,81,standard,1
M-03255,2023-03-17,email,0.2882362597455413,1,116,high_value,1
M-03393,2023-03-17,email,0.03958285217252509,3,8,standard,0
M-01650,2023-03-17,push,0.389302799506459,0,5,standard,1
M-03775,2023-03-17,direct_mail,0.32475196501149395,3,55,standard,0
M-03044,2023-03-17,email,0.48992555676449234,1,11,standard,0
M-02943,2023-03-17,sms,0.2689008356815717,2,81,standard,0
M-01325,2023-03-17,sms,0.49280573171682623,1,64,standard,1
M-03294,2023-03-18,sms,0.2624010886242824,1,51,high_value,0
M-03193,2023-03-18,push,0.4422707547508604,0,53,new,1
M-00522,2023-03-18,direct_mail,0.2704199624821698,2,22,at_risk,1
M-01522,2023-03-18,email,0.318276588391075,0,74,standard,1
M-03912,2023-03-18,sms,0.20081330774492248,1,38,new,0
M-02391,2023-03-18,email,0.16752266023004297,1,57,standard,1
M-01177,2023-03-18,push,0.26166670481158927,2,65,standard,1
M-00887,2023-03-19,direct_mail,0.4307968639756174,2,112,standard,1
M-01114,2023-03-19,push,0.5257219338524263,0,53,standard,0
M-02850,2023-03-19,sms,0.20909689550329968,0,55,standard,0
M-02553,2023-03-19,push,0.11992503793929032,2,17,at_risk,1
M-01112,2023-03-19,push,0.061947183905633856,0,8,at_risk,0
M-02860,2023-03-19,push,0.20703468391441118,3,67,standard,1
M-00542,2023-03-19,sms,0.07165735700428724,2,45,standard,1
M-00051,2023-03-19,email,0.11790537114704759,2,82,new,1
M-02992,2023-03-19,push,0.20361840784282198,0,34,standard,1
M-02219,2023-03-19,email,0.2102396888244914,0,107,new,0
M-00397,2023-03-20,email,0.21071123045421367,0,45,new,1
M-03692,2023-03-20,push,0.09212209469377018,2,53,standard,0
M-02889,2023-03-20,email,0.08284120292082507,1,28,new,1
M-03257,2023-03-20,push,0.09103801341090052,0,2,standard,0
M-03152,2023-03-20,push,0.4259550126770958,2,7,standard,0
M-03908,2023-03-20,email,0.22377347786779936,0,53,standard,0
M-03181,2023-03-20,direct_mail,0.3040627767331159,0,71,high_value,0
M-00992,2023-03-20,sms,0.35798617193464516,1,23,at_risk,0
M-01769,2023-03-20,email,0.10571613442356635,0,67,standard,1
M-02465,2023-03-20,push,0.1486767402151663,0,98,at_risk,1
M-03836,2023-03-20,email,0.4035351833858928,1,118,at_risk,1
M-01703,2023-03-21,sms,0.1042627470008694,1,48,new,0
M-01786,2023-03-21,direct_mail,0.299827875819074,2,84,high_value,1
M-00425,2023-03-21,push,0.2941492475290517,1,27,new,0
M-00101,2023-03-21,sms,0.2230991296974255,0,88,high_value,1
M-02744,2023-03-21,push,0.03018544170964416,0,103,standard,1
M-02510,2023-03-21,email,0.09351726675809609,2,28,new,0
M-03039,2023-03-21,push,0.15442452516646943,0,27,standard,1
M-03964,2023-03-21,email,0.402884021922469,2,20,new,0
M-02093,2023-03-21,email,0.3354570019142997,1,77,standard,1
M-03023,2023-03-21,email,0.18759574857518077,2,31,standard,0
M-02812,2023-03-21,sms,0.21698680184121738,1,104,standard,1
M-02814,2023-03-21,push,0.2877519377213056,1,36,standard,0
M-00837,2023-03-21,push,0.10746483391644833,0,57,high_value,1
M-00008,2023-03-22,push,0.27186842710991954,1,43,at_risk,0
M-01084,2023-03-22,email,0.17749473882379596,2,93,at_risk,1
M-02348,2023-03-22,sms,0.03241078688842808,1,21,at_risk,0
M-00871,2023-03-22,push,0.17134026851709863,0,80,high_value,1
M-02899,2023-03-22,direct_mail,0.2288124136983976,1,103,standard,1
M-00663,2023-03-22,email,0.19255036146708912,3,49,standard,1
M-03503,2023-03-22,email,0.30581925149027994,0,81,at_risk,0
M-03893,2023-03-22,sms,0.23983785249195347,2,68,standard,0
M-01795,2023-03-22,email,0.46797936685216407,1,60,at_risk,0
M-00223,2023-03-22,push,0.1824909487244048,1,47,standard,0
M-03287,2023-03-22,direct_mail,0.4779369805947666,3,45,standard,1
M-00652,2023-03-22,sms,0.002364694181062512,3,24,standard,0
M-01363,2023-03-22,email,0.12880556238691185,1,12,standard,1
M-02642,2023-03-23,email,0.16945794738837508,1,5,standard,1
M-01739,2023-03-23,sms,0.24958934029782737,1,51,standard,1
M-00338,2023-03-23,direct_mail,0.3477204159854178,1,21,new,0
M-03735,2023-03-23,direct_mail,0.06678304490121993,3,18,standard,0
M-02772,2023-03-23,direct_mail,0.500110462214668,1,61,high_value,0
M-02115,2023-03-23,push,0.07333794075794424,1,4,high_value,1
M-03831,2023-03-23,email,0.2047548938474579,0,53,standard,0
M-02764,2023-03-23,push,0.26173863743905396,2,14,standard,0
M-02473,2023-03-24,push,0.18422247446113596,1,59,standard,1
M-02495,2023-03-24,push,0.5324007443290198,2,69,standard,1
M-01871,2023-03-24,push,0.3068809216519683,1,19,high_value,1
M-03582,2023-03-24,direct_mail,0.7078935401859907,1,113,standard,1
M-01473,2023-03-24,push,0.5502666014077278,2,27,new,1
M-02869,2023-03-24,email,0.15432117466279938,2,111,at_risk,1
M-03078,2023-03-24,email,0.315779894128176,0,14,new,1
M-03432,2023-03-24,push,0.045909354569965005,1,79,standard,0
M-01071,2023-03-25,email,0.07953265942167814,0,97,standard,0
M-03241,2023-03-25,sms,0.4754534074776117,0,26,standard,0
M-03240,2023-03-25,push,0.325443082704595,1,106,high_value,1
M-02522,2023-03-25,email,0.2759463400240719,1,19,standard,0
M-02359,2023-03-25,sms,0.24899997568161,0,49,new,1
M-00734,2023-03-25,email,0.19558002054250967,1,75,standard,1
M-01939,2023-03-25,email,0.24502180028842738,0,39,high_value,0
M-02276,2023-03-25,sms,0.20487042070067368,2,33,new,1
M-02443,2023-03-26,push,0.23479012704125765,1,89,standard,1
M-01744,2023-03-26,email,0.328525508770631,2,45,standard,1
M-01709,2023-03-26,sms,0.4282850293805042,2,100,new,1
M-03525,2023-03-26,push,0.37902859856746285,3,82,standard,0
M-01988,2023-03-26,push,0.21119496354774225,3,13,standard,1
M-03327,2023-03-26,email,0.33728220537687015,0,13,at_risk,0
M-01987,2023-03-26,push,0.09603869592885188,2,45,new,0
M-03296,2023-03-26,push,0.08296736783468739,1,81,at_risk,1
M-03231,2023-03-27,sms,0.1932168564301357,0,89,standard,1
M-00141,2023-03-27,email,0.17542110345246428,3,68,standard,0
M-02664,2023-03-27,push,0.2564763319297739,1,116,standard,0
M-02601,2023-03-27,email,0.3841709669979364,0,30,standard,1
M-02469,2023-03-27,email,0.3210360052640282,2,109,standard,0
M-02733,2023-03-27,sms,0.3428501551726141,1,63,new,0
M-01394,2023-03-28,direct_mail,0.2557375881332267,0,5,standard,0
M-03959,2023-03-28,sms,0.38152709100309473,1,37,standard,0
M-01581,2023-03-28,push,0.27248094073127177,1,111,at_risk,0
M-03178,2023-03-28,direct_mail,0.07248996573454208,0,61,high_value,0
M-02552,2023-03-28,email,0.4473115583925964,0,88,at_risk,0
M-02838,2023-03-28,push,0.09173105949618608,1,97,at_risk,0
M-03585,2023-03-28,push,0.07010329310538069,3,79,at_risk,1
M-02461,2023-03-28,sms,0.44580485574177725,1,16,standard,0
M-03475,2023-03-28,email,0.06616833720726233,0,51,new,1
M-03682,2023-03-28,email,0.3890608419666344,1,42,new,0
M-03669,2023-03-28,push,0.2017841989331566,4,6,standard,1
M-03017,2023-03-28,email,0.36016543116849414,0,10,new,1
M-01354,2023-03-29,email,0.05265612187621157,0,63,standard,1
M-00963,2023-03-29,email,0.4053965206779765,2,62,standard,1
M-00902,2023-03-29,email,0.10095000882532025,2,91,new,0
M-03951,2023-03-29,sms,0.3383713187449852,0,95,standard,1
M-02873,2023-03-29,email,0.45279648197288624,1,107,standard,1
M-02193,2023-03-29,sms,0.3607437439164363,1,81,standard,0
M-02357,2023-03-29,sms,0.3269168841883707,1,92,at_risk,0
M-02298,2023-03-30,direct_mail,0.13688772704137953,0,14,at_risk,0
M-02393,2023-03-30,sms,0.36729581641020986,1,105,standard,0
M-01838,2023-03-30,push,0.4723407251495017,3,10,high_value,1
M-01256,2023-03-30,email,0.18940209694777377,0,60,standard,1
M-02702,2023-03-30,sms,0.15877728459266946,0,47,high_value,0
M-03443,2023-03-30,sms,0.16571411740914863,0,21,standard,1
M-03412,2023-03-30,push,0.3276893049298679,1,72,new,0
M-03621,2023-03-30,push,0.36461723626359255,0,73,high_value,1
M-03868,2023-03-30,sms,0.27843574164584123,2,107,standard,1
M-03740,2023-03-31,email,0.31912833322557976,0,52,standard,1
M-03849,2023-03-31,direct_mail,0.26794815322115045,1,44,standard,1
M-03470,2023-03-31,push,0.07576719656286177,0,80,standard,0
M-02240,2023-03-31,sms,0.5648730302070669,1,39,standard,1
M-00362,2023-03-31,sms,0.17535362861683473,1,18,at_risk,0
M-03028,2023-03-31,email,0.27743023803662825,1,90,high_value,0
M-02746,2023-03-31,push,0.3152905984217941,2,98,at_risk,0
M-03881,2023-03-31,push,0.3133837649211773,2,10,standard,0
M-03180,2023-03-31,email,0.08225760621439786,4,49,standard,1
M-03713,2023-03-31,sms,0.40674257201683356,1,75,at_risk,1
M-03313,2023-03-31,push,0.33749507750198804,1,44,standard,0
M-03196,2023-04-01,email,0.19443922476016445,0,47,standard,0
M-02913,2023-04-01,sms,0.509706846642888,2,102,standard,1
M-00077,2023-04-01,email,0.2685207561832771,0,61,standard,0
M-00975,2023-04-01,email,0.34952932502704115,2,44,high_value,0
M-02314,2023-04-01,email,0.2880206384982206,1,16,standard,1
M-03151,2023-04-01,email,0.4668036783261629,3,116,standard,1
M-00031,2023-04-01,push,0.02526262773442802,2,37,at_risk,0
M-02935,2023-04-02,email,0.48259847592809957,1,39,standard,0
M-00411,2023-04-02,sms,0.4881638927590539,1,85,new,1
M-00566,2023-04-02,email,0.10979166606373109,1,70,standard,1
M-02967,2023-04-02,direct_mail,0.21433100913971134,0,50,standard,0
M-03335,2023-04-02,sms,0.029549358756424445,0,65,at_risk,1
M-01502,2023-04-02,email,0.3164331237740721,1,85,standard,1
M-03781,2023-04-02,email,0.20188297739062191,1,105,high_value,1
M-01511,2023-04-02,sms,0.06513646356936362,0,111,standard,1
M-03810,2023-04-02,email,0.07315745132630615,2,26,standard,0
M-03483,2023-04-03,email,0.19672231005065913,0,107,standard,0
M-01655,2023-04-03,email,0.2874989265822697,0,5,new,0
M-03701,2023-04-03,push,0.25984692233883055,1,100,standard,1
M-01478,2023-04-03,email,0.2966880727326032,0,77,high_value,0
M-00325,2023-04-03,sms,0.3209489402315388,0,115,at_risk,1
M-03088,2023-04-03,email,0.36755581628800515,1,30,at_risk,0
M-01544,2023-04-03,email,0.2668966333866512,3,99,new,0
M-00485,2023-04-04,push,0.2335703065565748,1,7,standard,1
M-00625,2023-04-04,email,0.3162368304459976,0,26,standard,0
M-03910,2023-04-04,push,0.14507229173547112,1,36,high_value,1
M-02174,2023-04-04,push,0.6158013004729439,0,20,high_value,0
M-02208,2023-04-04,direct_mail,0.29944775615019786,1,17,standard,0
M-01111,2023-04-04,direct_mail,0.49063404911630176,1,101,at_risk,0
M-01816,2023-04-04,sms,0.28079620266981126,1,63,standard,1
M-01290,2023-04-04,sms,0.2568917239942675,1,6,standard,0
M-01287,2023-04-04,email,0.2591876771595089,0,105,standard,0
M-00147,2023-04-04,sms,0.3509244170593337,2,10,standard,0
M-01876,2023-04-04,direct_mail,0.2574158497674445,0,112,new,1
M-03434,2023-04-05,push,0.20529068881273702,2,3,standard,1
M-01385,2023-04-05,email,0.22149550301897494,5,101,high_value,1
M-03254,2023-04-05,email,0.3786986498155823,1,94,high_value,1
M-00636,2023-04-05,email,0.6261722076878848,1,39,high_value,1
M-03109,2023-04-05,sms,0.2959821763952768,1,1,high_value,0
M-03627,2023-04-05,push,0.07176665157238718,1,22,new,1
M-00326,2023-04-05,push,0.4592760301666039,0,5,new,0
M-00565,2023-04-05,sms,0.1423277884463773,1,86,new,0
M-00509,2023-04-05,direct_mail,0.19417269738993592,1,14,standard,0
M-02292,2023-04-05,sms,0.13575990281982317,1,62,standard,0
M-02881,2023-04-05,sms,0.2079484828459772,0,87,standard,1
M-03209,2023-04-05,sms,0.31644053194818617,1,58,standard,1
M-01608,2023-04-05,sms,0.2731054760265914,2,94,high_value,1
M-00718,2023-04-05,direct_mail,0.4314010414033807,0,4,new,0
M-01307,2023-04-06,direct_mail,0.27546604421633114,0,107,standard,1
M-00188,2023-04-06,push,0.10843276006505778,3,56,standard,1
M-02640,2023-04-06,email,0.4196094850893771,1,110,standard,1
M-01046,2023-04-06,email,0.13862175174876046,1,69,standard,0
M-01264,2023-04-06,sms,0.5839653477383812,1,60,standard,0
M-00853,2023-04-06,push,0.37194164574432104,0,41,standard,0
M-03371,2023-04-06,push,0.09648506153157645,4,4,new,0
M-00592,2023-04-06,push,0.3774448592466894,0,110,at_risk,1
M-00096,2023-04-06,push,0.41731607717056934,0,117,at_risk,0
M-03292,2023-04-06,direct_mail,0.5182782461136006,1,86,standard,0
M-02966,2023-04-07,push,0.4537160195472624,1,61,standard,1
M-02666,2023-04-07,email,0.310240733822952,0,49,at_risk,1
M-01505,2023-04-07,email,0.15210382015910826,3,70,standard,1
M-00831,2023-04-07,email,0.32637542003644365,1,117,new,1
M-01401,2023-04-07,sms,0.28672276569192506,0,60,standard,1
M-02181,2023-04-07,email,0.21630212316807823,2,111,high_value,1
M-03093,2023-04-07,email,0.4269815638238557,0,42,standard,0
M-03072,2023-04-07,sms,0.02936412056624481,2,13,standard,0
M-01541,2023-04-07,email,0.10225892536044241,3,98,standard,1
M-03967,2023-04-07,email,0.3236816050763823,2,41,at_risk,1
M-03083,2023-04-07,email,0.3028238158046009,0,13,at_risk,0
M-03744,2023-04-07,email,0.34642454466612,0,23,standard,0
M-01250,2023-04-07,push,0.42749293066316085,0,35,standard,1
M-00383,2023-04-07,email,0.13485627273762407,0,105,standard,0
M-01708,2023-04-08,push,0.480349732201346,1,62,high_value,1
M-01123,2023-04-08,direct_mail,0.14771486487750635,1,90,new,0
M-03274,2023-04-08,push,0.13393643374191588,0,34,standard,1
M-00856,2023-04-08,email,0.15278096112526032,1,69,high_value,1
M-01905,2023-04-08,sms,0.2662322691596202,2,82,new,1
M-02486,2023-04-08,email,0.23336874105453048,0,53,at_risk,0
M-01106,2023-04-08,email,0.3477793999148419,1,95,at_risk,1
M-02686,2023-04-08,email,0.030134956106279382,0,72,standard,0
M-00314,2023-04-08,email,0.3438347524397487,0,42,at_risk,0
M-02161,2023-04-08,push,0.5646763783460078,0,69,standard,0
M-02252,2023-04-08,email,0.2799278320471875,0,95,high_value,1
M-01810,2023-04-08,push,0.49010497221182003,2,76,at_risk,0
M-01785,2023-04-08,sms,0.32413021823809096,3,8,high_value,1
M-03277,2023-04-09,direct_mail,0.33942795925178554,0,49,standard,1
M-03385,2023-04-09,email,0.3211148625805697,2,5,at_risk,0
M-01012,2023-04-09,direct_mail,0.5197954546649473,1,100,new,0
M-00118,2023-04-09,email,0.0881247379306332,2,103,high_value,0
M-03569,2023-04-09,email,0.2065154689068261,1,71,new,0
M-03877,2023-04-09,push,0.23400054675064377,2,85,new,0
M-00988,2023-04-09,sms,0.13430879919236233,0,92,standard,0
M-02099,2023-04-09,direct_mail,0.49455551238480117,3,87,standard,0
M-01453,2023-04-09,direct_mail,0.10292004037843985,0,49,standard,0
M-01514,2023-04-09,email,0.2720679343455522,1,107,standard,1
M-00830,2023-04-09,push,0.2262637815821439,3,103,high_value,0
M-03481,2023-04-09,push,0.37693808051967975,0,84,standard,0
M-02750,2023-04-09,email,0.30577228451814675,2,18,high_value,0
M-01891,2023-04-09,sms,0.3208475983330259,0,10,at_risk,1
M-03332,2023-04-10,email,0.6722334738574715,1,60,high_value,1
M-03060,2023-04-10,email,0.41519992275460976,0,66,standard,1
M-03862,2023-04-10,email,0.38251645798115697,2,17,new,1
M-00507,2023-04-10,email,0.262808837457445,0,53,new,1
M-00616,2023-04-10,email,0.30755109032147165,0,78,at_risk,0
M-02236,2023-04-10,email,0.06476206909600196,1,30,standard,0
M-00924,2023-04-10,sms,0.15817883795930784,1,63,high_value,1
M-03702,2023-04-10,email,0.5230816569326512,1,64,standard,1
M-01562,2023-04-10,email,0.08348835152247425,0,57,standard,0
M-03430,2023-04-10,email,0.47053499066700566,1,17,new,1
M-01903,2023-04-10,direct_mail,0.2840404019842641,1,3,high_value,0
M-03594,2023-04-10,email,0.4441620179667005,1,23,standard,1
M-00567,2023-04-10,email,0.08269632706029591,0,93,standard,0
M-01817,2023-04-11,push,0.3545059054504649,2,91,standard,1
M-01412,2023-04-11,sms,0.24330443310495023,0,114,standard,0
M-02398,2023-04-11,email,0.48600161578258744,1,34,new,1
M-00482,2023-04-11,direct_mail,0.13492744429620201,3,11,standard,0
M-03717,2023-04-11,push,0.22354266450862012,3,3,high_value,1
M-01851,2023-04-12,email,0.21724725518404983,0,64,new,0
M-00695,2023-04-12,sms,0.6285092183670085,3,33,standard,1
M-01561,2023-04-12,direct_mail,0.5155834880724531,1,116,new,1
M-01306,2023-04-12,direct_mail,0.28751283341245654,2,56,standard,1
M-01941,2023-04-12,push,0.09556836430846179,1,105,standard,1
M-03305,2023-04-12,email,0.4644714614178635,2,71,high_value,1
M-03221,2023-04-12,email,0.12757311985226355,0,105,standard,1
M-01659,2023-04-12,email,0.12033320183677504,0,83,standard,0
M-03390,2023-04-12,email,0.3183827958876346,1,32,at_risk,1
M-00918,2023-04-12,sms,0.4200596734436081,2,89,standard,1
M-02607,2023-04-13,direct_mail,0.12491302177914161,0,66,standard,0
M-03318,2023-04-13,email,0.09063274674617017,1,111,at_risk,1
M-00932,2023-04-13,email,0.35463454005870654,0,92,at_risk,0
M-02125,2023-04-13,email,0.1670737335215334,1,80,standard,1
M-00345,2023-04-13,sms,0.047424647896266166,1,103,new,0
M-01424,2023-04-13,push,0.5076079567341106,3,19,at_risk,1
M-02345,2023-04-13,direct_mail,0.2301436943700387,1,15,at_risk,0
M-03792,2023-04-13,direct_mail,0.32540464914336314,0,21,high_value,1
M-02187,2023-04-14,email,0.1000063911675057,1,65,high_value,1
M-02420,2023-04-14,sms,0.8749381444376918,0,79,standard,1
M-01803,2023-04-14,email,0.4704611224295312,1,98,at_risk,1
M-03973,2023-04-14,push,0.08353558819626596,0,12,at_risk,0
M-01178,2023-04-14,sms,0.050776291988124875,1,65,standard,0
M-03467,2023-04-14,push,0.359855752682553,1,60,at_risk,1
M-02078,2023-04-14,email,0.33068380151099297,2,41,standard,0
M-03565,2023-04-15,push,0.18095809095031562,1,106,new,0
M-00210,2023-04-15,sms,0.5333690448925831,1,102,standard,1
M-02417,2023-04-15,sms,0.05555129019141353,1,81,at_risk,0
M-02894,2023-04-15,push,0.14266830273626074,2,103,standard,1
M-00379,2023-04-15,sms,0.0193950899410976,1,46,standard,0
M-01501,2023-04-15,sms,0.3024413853659942,2,84,high_value,1
M-01620,2023-04-16,direct_mail,0.6413951273827284,1,41,new,0
M-03215,2023-04-16,push,0.5218890757554808,0,101,standard,1
M-01296,2023-04-16,email,0.1621130358189089,2,70,standard,0
M-03514,2023-04-16,direct_mail,0.1979137971510688,1,85,at_risk,0
M-01458,2023-04-16,direct_mail,0.199522137750531,1,56,high_value,0
M-02491,2023-04-16,email,0.2812149843249542,1,11,high_value,0
M-00208,2023-04-16,direct_mail,0.14725094323760277,0,59,new,0
M-01881,2023-04-16,sms,0.5001587831696954,0,68,standard,1
M-03719,2023-04-16,sms,0.0968807961372684,0,106,standard,1
M-03199,2023-04-16,sms,0.09422592026980776,0,113,at_risk,0
M-01428,2023-04-17,sms,0.23329892706765273,1,49,high_value,1
M-00291,2023-04-17,push,0.3074523932630419,1,116,standard,0
M-00617,2023-04-17,sms,0.21308932410131473,0,84,standard,1
M-00205,2023-04-17,email,0.11426197104030494,1,19,high_value,1
M-01260,2023-04-17,email,0.10937685135703658,2,65,standard,1
M-03301,2023-04-17,email,0.2997030749464775,1,2,standard,0
M-02300,2023-04-17,push,0.49828011439463604,1,96,new,1
M-01700,2023-04-17,push,0.2921131867346381,2,53,new,0
M-01122,2023-04-18,push,0.1578847893459922,0,5,standard,0
M-03753,2023-04-18,email,0.20517111829877646,0,87,high_value,0
M-03167,2023-04-18,sms,0.05621878600458147,0,90,standard,0
M-01672,2023-04-18,email,0.08749752466258982,1,81,standard,0
M-01010,2023-04-18,direct_mail,0.1199999704763621,1,15,standard,0
M-02332,2023-04-18,push,0.3849899593575623,1,36,at_risk,0
M-00508,2023-04-18,email,0.15506927531211104,2,5,standard,1
M-02576,2023-04-19,email,0.41835668053630265,0,36,standard,1
M-02429,2023-04-19,email,0.22951845059405923,1,116,standard,1
M-00215,2023-04-19,email,0.42881994728772377,2,70,at_risk,1
M-02657,2023-04-19,sms,0.42999583170562916,2,90,standard,1
M-00743,2023-04-19,push,0.30042850050064634,0,32,standard,0
M-00778,2023-04-19,direct_mail,0.044141359343060634,0,47,standard,0
M-00889,2023-04-19,sms,0.17734018426315923,1,75,standard,0
M-02237,2023-04-19,email,0.38069167262379455,0,54,high_value,1
M-01639,2023-04-20,push,0.15722555778590797,1,59,standard,0
M-00504,2023-04-20,push,0.2845906657609479,0,41,at_risk,0
M-03099,2023-04-20,email,0.23048046836055347,0,65,new,0
M-01321,2023-04-20,sms,0.29323825790309765,1,86,new,0
M-03031,2023-04-20,email,0.0890711184269666,0,15,high_value,1
M-01490,2023-04-20,email,0.08942412323776257,3,62,high_value,0
M-03059,2023-04-20,email,0.34696564881281106,0,61,high_value,1
M-03303,2023-04-20,email,0.5782028267058602,2,63,standard,1
M-00038,2023-04-21,push,0.13039669415270355,3,6,standard,0
M-00142,2023-04-21,sms,0.4105132626777473,0,28,standard,0
M-03306,2023-04-21,sms,0.27653901219696075,0,30,standard,1
M-03795,2023-04-21,sms,0.21533433985829062,4,112,standard,1
M-00110,2023-04-21,sms,0.12780865950127804,1,57,at_risk,0
M-03082,2023-04-21,push,0.060254950451089896,1,115,new,1
M-00280,2023-04-21,email,0.14315517448740986,3,14,new,1
M-02105,2023-04-21,sms,0.3003692686507166,1,82,standard,0
M-03211,2023-04-21,push,0.06572906229658021,2,26,high_value,1
M-02954,2023-04-21,email,0.4056671602716236,1,6,high_value,0
M-02848,2023-04-22,direct_mail,0.061915704100637646,1,3,at_risk,1
M-00949,2023-04-22,email,0.07107160920179088,1,104,high_value,0
M-01191,2023-04-22,email,0.23732756302104624,2,45,new,0
M-00412,2023-04-22,sms,0.18729851124584132,1,1,high_value,1
M-02044,2023-04-22,email,0.24264774499547462,1,73,standard,1
M-01793,2023-04-22,email,0.4747322819998906,3,98,new,1
M-02310,2023-04-23,email,0.15742446621545853,4,12,standard,0
M-01916,2023-04-23,email,0.15537926880415068,3,117,standard,0
M-02110,2023-04-23,push,0.44769509941036356,2,16,standard,1
M-02108,2023-04-23,push,0.35480019036360644,1,14,high_value,0
M-01998,2023-04-23,sms,0.38032886113859676,0,71,at_risk,1
M-01550,2023-04-23,email,0.11987912748069775,2,41,at_risk,0
M-01999,2023-04-23,email,0.47355978313234387,1,67,standard,1
M-00151,2023-04-23,email,0.11283926971418742,0,91,new,0
M-00313,2023-04-23,email,0.10335361009493085,2,28,standard,0
M-01027,2023-04-23,sms,0.16267262528840168,1,52,high_value,1
M-00398,2023-04-23,push,0.32720653135185457,0,87,new,0
M-00572,2023-04-23,push,0.18848504619470688,2,117,standard,0
M-02705,2023-04-24,direct_mail,0.28187868913642317,1,68,at_risk,1
M-03598,2023-04-24,sms,0.2407767540074922,0,69,standard,1
M-01409,2023-04-24,email,0.07773649574238556,1,45,new,0
M-01381,2023-04-24,sms,0.37595438563553796,4,62,standard,1
M-02786,2023-04-24,sms,0.16986513707320217,2,47,standard,0
M-03419,2023-04-24,email,0.19490339520988625,1,79,new,0
M-02870,2023-04-24,sms,0.2705181676887183,1,66,standard,0
M-00813,2023-04-24,sms,0.32865068692931215,5,38,standard,1
M-02978,2023-04-24,email,0.15940661099539966,2,15,standard,0
M-01208,2023-04-24,sms,0.31087235458466844,0,19,standard,0
M-03038,2023-04-24,push,0.15117663023253267,1,56,standard,1
M-02109,2023-04-24,sms,0.1423184280751722,2,115,at_risk,0
M-00298,2023-04-24,push,0.3202955284292127,1,45,standard,1
M-00533,2023-04-24,email,0.27685130250150586,0,97,standard,1
M-01992,2023-04-25,email,0.08216483453979838,1,14,at_risk,1
M-02218,2023-04-25,email,0.29578525394446803,0,116,at_risk,1
M-00449,2023-04-25,push,0.21043158559306677,1,14,at_risk,1
M-02811,2023-04-25,email,0.5531202617668072,1,76,standard,1
M-02192,2023-04-25,direct_mail,0.1136891604749819,2,59,high_value,0
M-03715,2023-04-25,push,0.4431465411651173,1,59,standard,1
M-03993,2023-04-25,sms,0.1305671654004639,2,12,at_risk,0
M-00659,2023-04-26,email,0.5291228885437805,1,83,standard,1
M-02397,2023-04-26,email,0.2757304598371163,0,21,at_risk,1
M-03388,2023-04-26,email,0.6561389793192848,2,50,standard,1
M-02806,2023-04-26,email,0.2903425917987334,1,39,standard,1
M-02228,2023-04-26,sms,0.15051147873175624,2,75,standard,0
M-00480,2023-04-26,push,0.4440605882848272,2,33,new,0
M-00494,2023-04-26,email,0.1971316904950678,0,19,at_risk,0
M-03367,2023-04-26,sms,0.44907190673112524,4,85,standard,1
M-02185,2023-04-26,email,0.20928949730192342,0,65,at_risk,1
M-01229,2023-04-26,sms,0.43581094755173333,1,43,standard,0
M-02418,2023-04-26,push,0.22061775067643022,0,105,at_risk,0
M-03595,2023-04-26,email,0.28494844330845,1,100,standard,1
M-01482,2023-04-26,sms,0.21595239524162207,3,106,high_value,1
M-02540,2023-04-26,direct_mail,0.24933439945180932,0,47,standard,0
M-03293,2023-04-26,direct_mail,0.12022040610640303,0,100,standard,1
M-02040,2023-04-26,sms,0.09312484634500741,1,56,new,0
M-00840,2023-04-26,push,0.3410452139742546,1,16,standard,1
M-03698,2023-04-26,push,0.1847640630475799,1,85,standard,0
M-00095,2023-04-26,email,0.4070910826239527,0,23,standard,0
M-00854,2023-04-26,push,0.49174170512246707,1,78,standard,0
M-01113,2023-04-27,push,0.2864324714822189,1,21,high_value,0
M-02196,2023-04-27,email,0.12119129622638834,2,87,new,1
M-03524,2023-04-27,push,0.14295721560970176,1,114,standard,0
M-01560,2023-04-27,email,0.13709035536325886,0,50,standard,1
M-00341,2023-04-27,direct_mail,0.3523902048537425,2,37,new,1
M-02582,2023-04-27,direct_mail,0.44901953844186615,1,83,standard,1
M-03041,2023-04-27,email,0.37267332660894115,0,86,high_value,1
M-01450,2023-04-28,email,0.424889249603624,1,96,high_value,1
M-01819,2023-04-28,push,0.20453254500987011,0,40,high_value,0
M-01645,2023-04-28,push,0.18633949269345404,2,107,standard,1
M-00270,2023-04-28,push,0.2918780480829133,2,21,standard,0
M-03436,2023-04-28,sms,0.16603625390977753,1,18,high_value,1
M-00153,2023-04-28,sms,0.2567983999987067,0,55,standard,0
M-02272,2023-04-29,email,0.33519954339316005,1,115,standard,1
M-01337,2023-04-29,push,0.12703283533914253,2,60,new,1
M-00418,2023-04-29,email,0.3861467523376394,4,59,new,1
M-03177,2023-04-29,sms,0.29786622136220947,2,8,new,0
M-02254,2023-04-29,push,0.36833963656441354,1,2,standard,0
M-01580,2023-04-29,sms,0.16593391270028715,1,47,new,0
M-00795,2023-04-29,sms,0.1590636100674162,3,65,standard,0
M-03591,2023-04-29,sms,0.15555584346711746,1,38,standard,0
M-01861,2023-04-29,email,0.1609710511796094,2,50,new,1
M-00637,2023-04-29,push,0.37416455951368466,1,74,standard,0
M-01906,2023-04-29,email,0.38304310615929565,1,56,standard,0
M-01238,2023-04-30,email,0.29345940630775363,1,54,at_risk,0
M-01399,2023-04-30,email,0.20182622879249984,1,106,standard,1
M-00262,2023-04-30,sms,0.3479916565489838,1,31,standard,0
M-03474,2023-04-30,push,0.25779878915674487,0,71,at_risk,1
M-01315,2023-04-30,direct_mail,0.26993802886665236,3,43,high_value,0
M-00970,2023-04-30,email,0.10580216476171722,1,22,standard,0
M-00352,2023-04-30,direct_mail,0.2416613506549737,2,61,high_value,0
M-03204,2023-04-30,email,0.18904063217745548,1,13,new,0
M-01402,2023-04-30,email,0.3527048433055007,1,29,new,1
M-02996,2023-05-01,push,0.11807520636109253,0,115,standard,1
M-00927,2023-05-01,email,0.23248092479942997,1,44,standard,1
M-01600,2023-05-01,email,0.273382228134708,1,6,standard,0
M-02775,2023-05-01,sms,0.31578743713759744,0,73,standard,0
M-00801,2023-05-01,direct_mail,0.1776964849125363,1,24,standard,0
M-02832,2023-05-01,email,0.29017399655932447,1,13,standard,0
M-01475,2023-05-01,sms,0.15670633260722727,2,108,high_value,1
M-03843,2023-05-01,email,0.28985978022900916,0,77,new,1
M-00189,2023-05-01,email,0.41180753905094936,0,82,standard,1
M-02051,2023-05-01,sms,0.3419979291106977,1,8,standard,0
M-00441,2023-05-01,push,0.40356506217155436,1,12,new,0
M-01366,2023-05-01,direct_mail,0.148387395819719,1,93,standard,1
M-01822,2023-05-01,email,0.4731300010610468,4,110,standard,1
M-02466,2023-05-01,email,0.12829196661366576,2,65,standard,0
M-00306,2023-05-01,push,0.12112841043560126,1,25,high_value,0
M-03429,2023-05-01,sms,0.3833687279090299,0,20,standard,0
M-02707,2023-05-02,sms,0.4663427144448328,0,71,standard,1
M-00951,2023-05-02,email,0.201872291639584,0,100,standard,1
M-01154,2023-05-02,email,0.1588316386381122,1,95,high_value,1
M-03741,2023-05-02,email,0.17832553169254675,1,90,standard,1
M-02020,2023-05-02,email,0.07225298286145271,1,102,standard,0
M-03105,2023-05-02,email,0.3154069364589967,0,55,standard,1
M-01837,2023-05-02,email,0.05920236192368741,0,79,standard,0
M-00135,2023-05-02,push,0.29905485085269085,0,50,high_value,0
M-03898,2023-05-02,email,0.2714474506539819,2,24,standard,1
M-02594,2023-05-03,push,0.1515366828495066,2,96,new,0
M-01104,2023-05-03,sms,0.5553630846893428,1,64,new,1
M-02088,2023-05-03,email,0.30163340676801637,1,59,standard,0
M-02186,2023-05-03,sms,0.3015273552792158,0,55,new,0
M-01390,2023-05-03,email,0.4397805330725916,1,53,standard,0
M-00225,2023-05-03,push,0.1498694315313752,1,68,standard,1
M-03341,2023-05-03,email,0.21373812144988974,1,84,standard,1
M-01185,2023-05-04,email,0.2643983056605159,1,61,standard,0
M-02354,2023-05-04,direct_mail,0.4431799786141879,2,116,high_value,1
M-03583,2023-05-04,push,0.22595100133791834,2,47,standard,1
M-00332,2023-05-04,push,0.5554252546261353,1,12,new,1
M-03696,2023-05-04,sms,0.4828951000695357,1,27,high_value,1
M-03061,2023-05-04,email,0.1265708318032675,0,97,standard,0
M-03548,2023-05-04,push,0.47794627496726916,0,70,new,1
M-00238,2023-05-04,push,0.012145354576059558,2,67,high_value,1
M-02126,2023-05-04,push,0.34606258841472415,1,118,standard,1
M-01778,2023-05-04,push,0.2544206049231639,2,45,standard,1
M-02308,2023-05-04,sms,0.12301255612461955,0,49,at_risk,1
M-03372,2023-05-04,email,0.05045710678157583,0,11,high_value,0
M-03502,2023-05-05,email,0.19196747416541515,1,15,new,1
M-03941,2023-05-05,email,0.15190576263777147,2,103,standard,1
M-01059,2023-05-05,email,0.07417878511742503,1,17,new,0
M-00087,2023-05-05,email,0.4150781950685917,5,3,new,1
M-03986,2023-05-05,email,0.412594541431512,0,3,at_risk,0
M-00525,2023-05-05,direct_mail,0.15400306058488786,1,89,at_risk,1
M-02780,2023-05-05,sms,0.26789646766888037,1,114,standard,0
M-00399,2023-05-05,push,0.1891132104578652,0,96,high_value,1
M-02807,2023-05-05,sms,0.16349648518790552,0,110,standard,1
M-01033,2023-05-06,email,0.2278442274522206,2,50,high_value,1
M-01013,2023-05-06,direct_mail,0.42469583734796085,2,101,standard,1
M-00748,2023-05-06,email,0.47484970811851507,2,37,high_value,1
M-02433,2023-05-06,push,0.2888132559951797,1,86,high_value,0
M-01461,2023-05-06,email,0.4294339197020823,1,34,high_value,1
M-03097,2023-05-06,email,0.22315458117297257,1,108,at_risk,0
M-01820,2023-05-06,direct_mail,0.7436724674741001,3,29,standard,1
M-03163,2023-05-06,push,0.5411975056568461,0,108,standard,1
M-00747,2023-05-06,sms,0.23754513621794518,0,107,standard,1
M-00446,2023-05-06,sms,0.1521129355553741,3,104,standard,1
M-00967,2023-05-07,email,0.37161569360939734,1,62,new,1
M-01603,2023-05-07,push,0.5559749583333204,1,75,standard,1
M-00987,2023-05-07,email,0.3241332920273888,2,89,high_value,1
M-03789,2023-05-07,sms,0.2286422812314491,2,105,new,1
M-00367,2023-05-07,sms,0.18073781621280613,3,6,new,0
M-00308,2023-05-07,sms,0.07081157871383402,0,50,high_value,0
M-00337,2023-05-07,sms,0.42172364089847875,1,6,high_value,0
M-02166,2023-05-07,sms,0.09084710105505522,3,72,standard,1
M-00798,2023-05-07,email,0.499673075565959,3,80,new,1
M-01176,2023-05-07,email,0.1907048696731546,1,109,high_value,1
M-02866,2023-05-07,direct_mail,0.6065463528288327,0,13,standard,1
M-01585,2023-05-08,sms,0.1045766635246662,1,70,high_value,0
M-01438,2023-05-08,direct_mail,0.6132135114182079,0,9,standard,1
M-01755,2023-05-08,sms,0.2526310238508193,1,85,standard,0
M-00524,2023-05-08,direct_mail,0.15902020545987958,0,29,standard,1
M-01434,2023-05-08,sms,0.25631404243104783,2,56,high_value,0
M-00553,2023-05-08,email,0.4032644014948738,1,58,new,1
M-01575,2023-05-08,push,0.5057379713406828,1,74,standard,1
M-02271,2023-05-08,sms,0.4422580041515041,1,105,standard,1
M-02015,2023-05-08,sms,0.43469129494917974,0,117,new,0
M-01526,2023-05-08,email,0.38964118206526516,2,105,at_risk,1
M-03755,2023-05-09,email,0.25936805655642,1,18,standard,1
M-00594,2023-05-09,email,0.5314317354389091,2,22,standard,1
M-02551,2023-05-09,push,0.15972586723371826,0,73,new,0
M-02129,2023-05-09,push,0.3889694491956179,1,78,at_risk,1
M-00166,2023-05-09,sms,0.14627563140553915,1,111,standard,0
M-01403,2023-05-09,sms,0.2615505724782333,0,11,new,1
M-02927,2023-05-09,sms,0.11775465192984924,2,104,new,0
M-02151,2023-05-09,push,0.19606155740083947,2,54,standard,0
M-00402,2023-05-09,push,0.2708659382625261,0,87,standard,0
M-01949,2023-05-09,email,0.03949656612967389,0,115,new,0
M-00320,2023-05-09,direct_mail,0.15908526645648183,1,79,standard,0
M-02483,2023-05-09,sms,0.17813221928180464,2,42,high_value,1
M-01503,2023-05-09,sms,0.13668535868102896,3,79,standard,1
M-02587,2023-05-09,push,0.25088353842351196,2,96,new,0
M-02291,2023-05-09,email,0.19152383269676448,1,22,standard,1
M-03446,2023-05-09,push,0.30725252558059907,3,72,standard,1
M-02270,2023-05-09,sms,0.12130709853389694,1,45,high_value,0
M-03734,2023-05-09,sms,0.25114353688102425,3,29,high_value,1
M-02525,2023-05-10,sms,0.34102978325597416,1,39,standard,0
M-02282,2023-05-10,sms,0.2395106972191389,2,44,standard,0
M-00606,2023-05-10,email,0.40394636667376776,0,60,at_risk,1
M-02082,2023-05-10,push,0.5369820431747213,2,18,high_value,1
M-01387,2023-05-11,push,0.3000262814701066,4,7,standard,0
M-00631,2023-05-11,push,0.26078129649527615,1,8,high_value,1
M-01248,2023-05-11,sms,0.41497857362412344,2,35,high_value,1
M-03606,2023-05-11,sms,0.34254890898652796,1,9,new,1
M-03693,2023-05-11,email,0.09794602975099147,0,111,standard,0
M-03858,2023-05-11,push,0.19721181341847446,2,59,at_risk,0
M-02346,2023-05-11,sms,0.4272951743903821,1,30,at_risk,1
M-02091,2023-05-11,email,0.16842356060568298,2,111,standard,1
M-02920,2023-05-11,push,0.49274453698995757,0,67,standard,1
M-02306,2023-05-11,sms,0.2941964963156034,2,57,at_risk,0
M-02536,2023-05-11,push,0.34696275536520943,1,96,standard,0
M-00065,2023-05-11,sms,0.269291304240459,2,52,standard,0
M-00645,2023-05-12,direct_mail,0.3405402953237165,2,54,standard,1
M-01914,2023-05-12,email,0.36794851638120335,1,61,at_risk,0
M-02150,2023-05-12,email,0.046745674733384694,4,45,high_value,1
M-03042,2023-05-12,sms,0.17247124140031866,3,61,new,0
M-00253,2023-05-12,email,0.24821193555300514,1,75,standard,0
M-02575,2023-05-12,sms,0.2822596418567531,2,20,new,0
M-01094,2023-05-12,direct_mail,0.5089116578521856,0,6,standard,0
M-03521,2023-05-13,sms,0.2584748854629233,0,73,standard,1
M-03622,2023-05-13,email,0.25704856926285763,0,108,standard,1
M-01144,2023-05-13,push,0.6252492115212397,0,50,new,1
M-02649,2023-05-13,email,0.4392037063601281,2,80,standard,1
M-01776,2023-05-13,push,0.3382717590361735,2,14,high_value,0
M-02068,2023-05-13,email,0.022159246192493903,2,80,at_risk,0
M-00076,2023-05-13,email,0.2788913836385008,0,109,at_risk,0
M-03771,2023-05-13,sms,0.4901304463730516,0,29,standard,0
M-01513,2023-05-13,push,0.09810809642654958,1,19,standard,0
M-00293,2023-05-13,email,0.2720307882758418,2,62,standard,1
M-03573,2023-05-13,sms,0.3460669139988293,1,95,at_risk,0
M-01029,2023-05-14,push,0.08612659518326854,2,109,standard,1
M-00486,2023-05-14,sms,0.7523691317255372,1,62,high_value,0
M-01493,2023-05-14,push,0.4697494772701852,1,22,new,1
M-00168,2023-05-14,direct_mail,0.1768201729775143,0,115,standard,0
M-01904,2023-05-14,email,0.4224125443175067,1,116,standard,1
M-00737,2023-05-14,email,0.13540847062688358,0,28,standard,0
M-01510,2023-05-14,email,0.13791714275682426,2,16,at_risk,0
M-03769,2023-05-14,push,0.04279755193124785,1,1,new,0
M-01068,2023-05-14,push,0.3253540995097456,5,110,standard,1
M-03658,2023-05-14,sms,0.14602497921227678,2,113,high_value,1
M-02159,2023-05-14,push,0.142348755708417,0,5,at_risk,0
M-00370,2023-05-15,email,0.5450890308639817,1,38,standard,1
M-02203,2023-05-15,sms,0.2354546207243588,0,30,standard,0
M-03826,2023-05-15,email,0.4787009798385938,1,22,standard,0
M-03394,2023-05-15,push,0.09844828557047658,1,119,new,1
M-02366,2023-05-15,push,0.05921827081304045,2,68,new,1
M-02636,2023-05-15,email,0.4082810742184601,1,90,standard,1
M-03995,2023-05-15,push,0.315581137845033,1,119,standard,1
M-03433,2023-05-15,sms,0.1594644117660198,1,48,new,1
M-01781,2023-05-16,push,0.06844286033077579,1,33,at_risk,0
M-01770,2023-05-16,email,0.34980437920984375,1,103,standard,0
M-01175,2023-05-16,sms,0.8610692421008007,2,32,standard,1
M-01141,2023-05-16,sms,0.3186804669901977,0,27,at_risk,1
M-03985,2023-05-16,sms,0.16784318060332618,2,103,standard,1
M-03596,2023-05-16,sms,0.4392169477609126,1,38,standard,1
M-00198,2023-05-16,sms,0.41830183548507455,2,109,standard,1
M-02322,2023-05-16,email,0.14122952734153082,0,93,new,1
M-03084,2023-05-16,push,0.1702942375795785,1,64,high_value,1
M-00626,2023-05-16,email,0.3799844031179611,0,12,at_risk,1
M-01899,2023-05-16,email,0.4644237885733534,3,47,standard,1
M-03250,2023-05-16,push,0.1406453272097568,0,119,at_risk,0
M-02326,2023-05-17,push,0.4670834621268814,1,68,standard,0
M-03728,2023-05-17,push,0.23247349171778384,1,8,standard,0
M-02073,2023-05-17,push,0.19101685688199424,1,23,standard,1
M-01977,2023-05-17,email,0.40649738514999184,2,51,new,1
M-01973,2023-05-17,sms,0.6086222447154349,2,35,new,1
M-01159,2023-05-17,push,0.19257884615968146,1,58,standard,0
M-02490,2023-05-17,email,0.32056669513820585,2,94,high_value,1
M-03212,2023-05-17,email,0.19659312210387458,2,78,standard,1
M-03486,2023-05-17,email,0.4182687147307283,1,48,high_value,1
M-02460,2023-05-17,email,0.13328220381196776,1,78,standard,0
M-01329,2023-05-17,sms,0.15141205811125094,0,20,high_value,1
M-00196,2023-05-18,email,0.49554826701546295,0,9,at_risk,0
M-03090,2023-05-18,sms,0.13940267563998912,0,106,high_value,0
M-02484,2023-05-18,email,0.3222071157489861,2,81,high_value,1
M-01646,2023-05-18,email,0.3254878624658934,2,91,at_risk,0
M-01792,2023-05-18,email,0.38006752822529705,3,5,standard,1
M-03173,2023-05-18,email,0.20425864542205732,0,22,high_value,1
M-01356,2023-05-18,push,0.2226782453701685,2,67,standard,0
M-02739,2023-05-18,push,0.3993437616121464,1,89,new,1
M-01371,2023-05-18,email,0.4512624000888989,1,36,standard,1
M-00990,2023-05-18,push,0.44187143525507605,3,98,standard,1
M-02029,2023-05-18,sms,0.14356755395456497,2,114,standard,0
M-01710,2023-05-18,direct_mail,0.5416989267494781,3,118,standard,1
M-02589,2023-05-19,push,0.1562668296179347,0,115,standard,1
M-03557,2023-05-19,email,0.3364436729019272,1,41,new,0
M-00138,2023-05-19,email,0.2808296677502142,2,24,high_value,0
M-01591,2023-05-19,push,0.41780771766777364,0,77,high_value,0
M-01382,2023-05-19,sms,0.1314730018447438,0,69,standard,1
M-01235,2023-05-19,email,0.1944637486951389,2,96,new,1
M-00267,2023-05-19,email,0.2536969522953406,3,92,high_value,1
M-01406,2023-05-19,push,0.4301568998822709,1,29,new,0
M-02909,2023-05-20,email,0.17025196308459448,1,72,new,0
M-01756,2023-05-20,email,0.4274815087088935,0,78,standard,1
M-02424,2023-05-20,push,0.30079424114585035,0,66,at_risk,1
M-03453,2023-05-20,email,0.2930239809806036,5,82,standard,0
M-02997,2023-05-20,push,0.10031573936655347,0,56,standard,0
M-03020,2023-05-20,push,0.2991286609014368,1,25,standard,0
M-03509,2023-05-20,email,0.3501830689275726,1,39,standard,0
M-01311,2023-05-20,email,0.11174359046034643,0,41,high_value,0
M-03716,2023-05-20,direct_mail,0.5695683614236497,2,7,standard,0
M-01362,2023-05-21,sms,0.4028121043490069,3,48,new,1
M-03853,2023-05-21,push,0.20495340148413208,1,114,standard,1
M-03405,2023-05-21,push,0.5639660287003145,0,59,at_risk,0
M-00978,2023-05-21,direct_mail,0.14931213732572604,1,1,standard,0
M-02584,2023-05-21,sms,0.36267324187250793,1,60,standard,0
M-02281,2023-05-22,push,0.2943955265180089,1,106,high_value,1
M-01830,2023-05-22,push,0.4984275052031665,0,39,high_value,0
M-00043,2023-05-22,direct_mail,0.31774023558080905,2,82,standard,1
M-02884,2023-05-23,sms,0.17686963124112146,0,79,standard,1
M-03406,2023-05-23,push,0.12114001473753207,2,48,at_risk,1
M-02489,2023-05-23,email,0.14994911254652973,1,48,standard,1
M-01684,2023-05-24,sms,0.32520716447869363,1,57,standard,0
M-03130,2023-05-24,email,0.20379459893804994,2,1,high_value,0
M-03847,2023-05-24,email,0.5289500555043938,2,5,standard,1
M-01926,2023-05-24,email,0.714003035611256,2,32,standard,1
M-03464,2023-05-24,push,0.09796197838313721,1,49,at_risk,0
M-03053,2023-05-24,push,0.28670974865214194,1,41,standard,1
M-03856,2023-05-24,push,0.3818391916510431,2,30,standard,0
M-01698,2023-05-24,direct_mail,0.5315932705168267,1,39,standard,0
M-00520,2023-05-24,email,0.25400483321392725,6,4,standard,1
M-03710,2023-05-24,push,0.41972199859247633,1,62,at_risk,0
M-02561,2023-05-24,sms,0.4780485907708909,1,8,at_risk,1
M-02758,2023-05-24,sms,0.23251806566150193,2,60,at_risk,1
M-02849,2023-05-25,email,0.10649354702796268,3,51,new,1
M-02826,2023-05-25,direct_mail,0.6027055473606693,1,103,standard,1
M-01571,2023-05-25,sms,0.2067751411460874,2,49,standard,0
M-02052,2023-05-25,sms,0.22098525259620483,2,30,high_value,1
M-02440,2023-05-25,email,0.5120387296888212,0,3,standard,1
M-00193,2023-05-25,push,0.2282016838285522,1,100,standard,0
M-00997,2023-05-25,push,0.5389991213253185,2,4,standard,0
M-01924,2023-05-25,sms,0.22473766133803794,1,80,standard,1
M-00764,2023-05-25,direct_mail,0.5642392431463858,2,70,standard,0
M-02485,2023-05-25,email,0.6050991492349633,4,49,standard,0
M-03085,2023-05-25,push,0.08315420980517844,1,9,standard,1
M-03114,2023-05-26,push,0.10054863682851005,1,90,standard,1
M-01051,2023-05-26,sms,0.10992062878190617,0,113,standard,0
M-02144,2023-05-26,sms,0.08226044152653253,1,109,standard,1
M-02892,2023-05-26,sms,0.2091399786040403,1,99,new,1
M-00745,2023-05-26,email,0.1883116253476909,2,53,new,1
M-02190,2023-05-26,sms,0.11094272808997127,1,40,high_value,0
M-00300,2023-05-26,sms,0.2826346653162994,1,98,high_value,1
M-00052,2023-05-26,email,0.4424340668968419,1,102,standard,0
M-01772,2023-05-26,email,0.1824229865560698,1,112,at_risk,0
M-03236,2023-05-26,push,0.2976806189187825,3,21,at_risk,0
M-02762,2023-05-26,email,0.35139426038818383,0,98,standard,1
M-02200,2023-05-27,push,0.37214968016584826,1,38,standard,1
M-03100,2023-05-27,email,0.20089917118752113,3,31,high_value,0
M-01359,2023-05-27,sms,0.39981988690470016,1,103,new,0
M-00062,2023-05-27,push,0.28181112002810554,1,54,standard,0
M-00392,2023-05-27,email,0.039233186895554335,1,74,standard,0
M-03676,2023-05-27,email,0.30519270495442014,1,20,new,1
M-02055,2023-05-27,email,0.28193526032296334,0,97,standard,0
M-00629,2023-05-27,push,0.16326498964467698,2,52,standard,1
M-00200,2023-05-27,direct_mail,0.04580049651235957,2,67,standard,0
M-01137,2023-05-27,email,0.346341508632486,2,18,standard,1
M-03010,2023-05-28,sms,0.19575046497235027,1,101,standard,0
M-02586,2023-05-28,email,0.4936728822034613,0,73,standard,1
M-03947,2023-05-28,email,0.563513032747149,2,49,standard,1
M-02766,2023-05-28,push,0.1210813043503741,0,14,high_value,1
M-02695,2023-05-28,push,0.37313633759408993,1,2,standard,0
M-02355,2023-05-28,email,0.17914514980926807,1,32,at_risk,0
M-01150,2023-05-28,email,0.19789321773545743,0,68,standard,1
M-00627,2023-05-28,email,0.20240760031660074,1,75,standard,1
M-01270,2023-05-28,sms,0.06074463316026406,1,104,at_risk,0
M-03107,2023-05-28,sms,0.1466135991875668,2,49,at_risk,0
M-02278,2023-05-28,sms,0.5674648077796451,0,63,standard,1
M-02406,2023-05-29,push,0.03910711270510737,1,7,at_risk,0
M-00331,2023-05-29,email,0.3559771715783029,4,23,standard,1
M-00908,2023-05-29,email,0.5549566248660377,3,10,standard,1
M-03492,2023-05-29,direct_mail,0.0852995661826041,0,118,standard,0
M-01966,2023-05-29,sms,0.37610305070592087,2,103,standard,0
M-03005,2023-05-29,email,0.032142463590043024,1,3,standard,1
M-03253,2023-05-29,email,0.38201374065968075,1,3,high_value,1
M-01043,2023-05-29,push,0.2648144536069057,2,43,new,0
M-01863,2023-05-29,push,0.21206247521473545,0,103,new,1
M-02414,2023-05-29,sms,0.3186425958353328,2,17,high_value,1
M-00067,2023-05-29,email,0.5240617148275594,3,45,new,0
M-00021,2023-05-29,email,0.24961780125953195,2,41,new,0
M-01267,2023-05-30,push,0.24850688781269545,0,49,standard,1
M-00373,2023-05-30,direct_mail,0.3962390962160618,0,36,standard,1
M-00575,2023-05-30,sms,0.2521959677995315,2,79,at_risk,0
M-03024,2023-05-30,push,0.2201945745725557,2,81,at_risk,0
M-02679,2023-05-30,sms,0.3610914777687359,5,11,standard,0
M-00497,2023-05-30,direct_mail,0.34627895256942637,1,87,standard,0
M-01936,2023-05-30,sms,0.4017223293974147,1,43,standard,0
M-01856,2023-05-30,push,0.1325631094459444,1,16,new,0
M-02653,2023-05-30,direct_mail,0.19247090850402812,1,21,standard,0
M-02723,2023-05-31,sms,0.2104461830872713,0,57,standard,1
M-01771,2023-05-31,sms,0.14403502122468428,0,54,standard,1
M-00769,2023-05-31,email,0.3944604224681484,0,14,new,1
M-00912,2023-05-31,sms,0.18109516703243198,1,45,new,1
M-01747,2023-05-31,push,0.08093630682163501,2,40,at_risk,1
M-03950,2023-05-31,email,0.4788914819825736,3,9,at_risk,1
M-02568,2023-06-01,email,0.16598468675523304,0,53,standard,0
M-03227,2023-06-01,push,0.13495519986668164,0,15,new,0
M-03963,2023-06-01,direct_mail,0.13768492314514996,0,18,new,1
M-03736,2023-06-01,email,0.2549144491254289,0,14,standard,0
M-00633,2023-06-01,sms,0.23504730565078852,2,98,standard,1
M-02919,2023-06-01,sms,0.31021856020754907,1,26,new,0
M-00378,2023-06-01,email,0.5973881930689063,0,13,standard,1
M-02591,2023-06-01,email,0.07385206777922239,0,23,standard,0
M-01717,2023-06-01,email,0.6889986403243872,0,96,standard,1
M-03062,2023-06-02,email,0.09830450147576117,4,78,standard,1
M-03530,2023-06-02,email,0.20012116067827776,0,25,standard,0
M-02543,2023-06-02,email,0.257474819204807,1,36,high_value,1
M-00187,2023-06-02,push,0.19322886331644934,1,107,standard,1
M-01944,2023-06-02,push,0.12718193821563298,3,42,high_value,1
M-01284,2023-06-02,push,0.22519976485978244,0,112,high_value,1
M-03423,2023-06-03,direct_mail,0.3083946327881205,1,65,standard,1
M-01016,2023-06-03,email,0.26190529375521027,3,17,at_risk,1
M-01467,2023-06-03,push,0.06541359221196558,0,25,at_risk,0
M-02580,2023-06-03,sms,0.18385930788899493,1,87,high_value,1
M-03814,2023-06-03,email,0.14039380422038925,0,111,new,1
M-00757,2023-06-03,email,0.11647439779486678,0,72,standard,0
M-01760,2023-06-03,push,0.6923606639294246,5,34,at_risk,1
M-01158,2023-06-03,push,0.2515898712863709,2,74,high_value,0
M-01592,2023-06-03,push,0.25903676905266937,1,55,standard,1
M-02874,2023-06-03,email,0.09884083288568694,2,35,standard,0
M-02404,2023-06-03,email,0.2262823136731805,2,51,new,0
M-01880,2023-06-03,direct_mail,0.2514363486266864,0,4,high_value,1
M-00093,2023-06-04,sms,0.5343345153144067,1,40,at_risk,1
M-03022,2023-06-04,email,0.14215331612418078,1,54,at_risk,1
M-02427,2023-06-04,push,0.2445351968436599,0,14,high_value,0
M-01384,2023-06-04,email,0.2320217660914547,1,93,high_value,1
M-00613,2023-06-04,sms,0.15659616604868665,2,84,standard,1
M-02847,2023-06-04,push,0.1670389716606415,2,52,standard,0
M-02834,2023-06-05,sms,0.6014712524474963,2,14,standard,0
M-01628,2023-06-05,push,0.10572382667207204,0,114,standard,0
M-02778,2023-06-05,email,0.24506790969087278,0,39,standard,0
M-03058,2023-06-05,sms,0.4494061248075322,1,87,high_value,1
M-02599,2023-06-05,sms,0.35882546406852145,0,52,standard,1
M-01065,2023-06-05,email,0.3804895638539201,0,42,at_risk,1
M-02682,2023-06-05,email,0.21918078501356802,1,31,standard,1
M-03091,2023-06-06,push,0.17151015746222883,2,50,new,1
M-00808,2023-06-06,push,0.2980549785917491,0,117,standard,0
M-02851,2023-06-06,email,0.21326781941017114,0,26,new,1
M-02573,2023-06-06,email,0.3239540999828111,1,71,at_risk,1
M-01172,2023-06-06,email,0.09561155014232059,0,81,new,1
M-02621,2023-06-06,email,0.5300394575795981,3,102,new,1
M-01351,2023-06-06,push,0.235785469436932,1,19,standard,1
M-02215,2023-06-06,direct_mail,0.21928167217815653,1,21,new,0
M-03404,2023-06-06,push,0.3762643081770424,3,92,new,1
M-02341,2023-06-07,direct_mail,0.06569084009058586,4,88,standard,1
M-03328,2023-06-07,email,0.6226086009783491,1,52,high_value,1
M-00551,2023-06-07,sms,0.2826259215622199,0,53,standard,0
M-01282,2023-06-07,email,0.4602811103098881,2,53,standard,0
M-02011,2023-06-07,sms,0.4277304507494912,1,33,high_value,1
M-01093,2023-06-07,email,0.17336660711547372,0,62,high_value,1
M-02290,2023-06-07,email,0.04907857602400004,0,31,new,0
M-01773,2023-06-07,sms,0.18086868169909515,2,23,standard,1
M-01753,2023-06-07,email,0.03126096588227979,1,63,high_value,1
M-02058,2023-06-07,sms,0.08295266619593507,2,67,standard,0
M-01920,2023-06-07,sms,0.4765055961434757,2,7,standard,1
M-02383,2023-06-07,email,0.14960973601740568,1,8,standard,1
M-01477,2023-06-07,sms,0.31994016156346505,2,39,at_risk,1
M-01665,2023-06-08,push,0.22104710284238882,3,27,new,1
M-03379,2023-06-08,sms,0.3803155893120024,2,16,high_value,1
M-01319,2023-06-08,sms,0.297220358353234,1,19,standard,1
M-01693,2023-06-08,email,0.4257576715804327,3,115,standard,1
M-03459,2023-06-08,push,0.11121732082751554,1,27,standard,0
M-02799,2023-06-08,push,0.3068328453671632,1,6,high_value,1
M-03040,2023-06-08,email,0.21690229501980549,2,48,standard,0
M-03249,2023-06-08,push,0.19586612626240402,0,103,at_risk,0
M-03694,2023-06-08,push,0.34731235050298775,0,97,new,1
M-01167,2023-06-09,push,0.16409607089008887,2,54,high_value,1
M-02133,2023-06-09,email,0.1533859792146235,0,6,at_risk,1
M-00439,2023-06-09,email,0.3035094313269627,2,119,standard,1
M-02002,2023-06-09,email,0.09060101674729135,1,24,standard,0
M-02373,2023-06-09,push,0.5041050765229879,0,84,at_risk,0
M-03317,2023-06-09,email,0.07608312702725172,0,39,new,0
M-02545,2023-06-09,sms,0.2182148474593356,1,80,standard,1
M-02523,2023-06-10,push,0.4769241955148664,2,40,new,0
M-03311,2023-06-10,push,0.16312548827228657,3,77,standard,1
M-03690,2023-06-10,push,0.12282057031583557,1,49,new,0
M-03732,2023-06-10,sms,0.09302687694765312,0,84,high_value,1
M-01955,2023-06-10,email,0.6130223193603329,1,14,high_value,1
M-02224,2023-06-10,sms,0.016546572598257467,1,67,standard,0
M-01301,2023-06-10,sms,0.36363197803851377,1,53,standard,0
M-02139,2023-06-10,push,0.19498851969201456,1,66,standard,0
M-00956,2023-06-10,email,0.6056351156066163,1,51,standard,1
M-00026,2023-06-10,email,0.3145213080401381,2,47,standard,1
M-03165,2023-06-10,email,0.17034128081393426,2,8,high_value,0
M-02072,2023-06-11,email,0.5318111675018803,2,17,new,0
M-03187,2023-06-11,email,0.32797191418917354,1,81,at_risk,1
M-01865,2023-06-11,email,0.1972253800235591,1,25,new,1
M-02059,2023-06-11,email,0.42879147196775785,2,27,new,0
M-02745,2023-06-11,email,0.3905337523234242,4,50,at_risk,1
M-03314,2023-06-11,push,0.19704793512936178,1,44,standard,0
M-03273,2023-06-11,email,0.3053419584036168,1,31,at_risk,1
M-03290,2023-06-11,email,0.33463828637176657,2,80,standard,1
M-00941,2023-06-11,email,0.07542529572693614,0,73,standard,1
M-01846,2023-06-11,direct_mail,0.12440022563934963,3,14,new,0
M-02162,2023-06-11,push,0.6180923466457132,2,63,standard,1
M-00584,2023-06-11,email,0.5652744416009139,1,45,high_value,1
M-02914,2023-06-12,push,0.11059306682104764,0,17,new,0
M-03141,2023-06-12,email,0.2773002234858105,2,58,standard,1
